,baseMean,log2FoldChange,lfcSE,stat,pvalue,padj
SPANXB1,25.38764491,7.241588382,0.488638581,12.77342525,2.31E-37,2.51E-34
KRT6C,2401.321042,6.807752446,0.342918511,16.93624652,2.43E-64,1.45E-60
KRT6B,8398.769071,6.706397671,0.323351663,17.64765217,1.06E-69,1.27E-65
SPRR2A,1134.045416,6.01470083,0.309627464,16.19591739,5.39E-59,2.57E-55
CRNN,98.82844202,5.969942156,0.474146551,10.48186925,1.05E-25,3.85E-23
KLK5,1014.789336,5.684352746,0.420562941,11.13829177,8.17E-29,4.06E-26
SPRR2E,365.8293038,5.506541862,0.38394589,11.73744004,8.19E-32,6.11E-29
KLK7,428.9693238,5.120066326,0.373945692,11.01782001,3.14E-28,1.47E-25
BNC1,616.3101946,5.060168048,0.306797314,13.23404038,5.58E-40,7.40E-37
TENM2,826.142793,5.046093433,0.260937901,15.505963,3.16E-54,1.26E-50
TRIML2,35.90757081,4.916162406,0.335674027,11.66656365,1.89E-31,1.33E-28
NMRAL2P,229.8700869,4.86133571,0.266813969,14.47201478,1.82E-47,3.62E-44
SPRR2D,826.6563561,4.820670133,0.305352153,12.51234059,6.39E-36,6.11E-33
KRT75,206.4460536,4.812517195,0.374845767,10.17089569,2.67E-24,8.40E-22
MAGEB2,95.25901641,4.742430726,0.381745502,9.803470403,1.09E-22,3.02E-20
LINC01179,4.512037282,4.708906311,0.438802856,8.452329475,2.86E-17,4.37E-15
IL36G,161.9034814,4.677711533,0.259666399,14.16321689,1.55E-45,2.84E-42
KLK10,1292.685179,4.620189701,0.2831368,12.7860091,1.96E-37,2.23E-34
S100A7A,593.9821671,4.613869985,0.432596584,8.353903204,6.60E-17,9.56E-15
KLK6,1290.730614,4.596386609,0.345250283,10.41675209,2.08E-25,7.41E-23
PAEP,43.90327406,4.588280425,0.286722739,12.51480938,6.20E-36,6.11E-33
MRGPRX3,7.405387879,4.565540018,0.308565102,11.55522772,6.95E-31,4.61E-28
DSG3,5843.460743,4.557651326,0.309206161,11.50575822,1.23E-30,7.96E-28
TGM1,1335.867633,4.482528188,0.196009903,17.7671033,1.27E-70,3.03E-66
KLK9,1.808741142,4.439473932,0.48678998,7.065621881,1.60E-12,1.41E-10
C6orf15,36.8960468,4.401137217,0.360199741,9.442364424,3.64E-21,8.37E-19
SPINK6,29.71859519,4.39595649,0.313400924,10.83582157,2.33E-27,9.93E-25
KRT14,49011.20624,4.37203817,0.291250975,11.57777469,5.34E-31,3.64E-28
SOST,39.15006324,4.366650845,0.346132564,9.726478224,2.33E-22,6.10E-20
TMPRSS11F,17.58749393,4.331297185,0.366106949,9.099245973,9.10E-20,1.84E-17
ZFP42,17.14116513,4.324869251,0.350916795,9.474807992,2.67E-21,6.20E-19
LINC00520,34.22703157,4.322289841,0.240622466,13.80706421,2.31E-43,3.45E-40
KRTAP13-2,1.76247801,4.309413817,0.956390454,3.460316658,0.000539541,0.012769838
KLK8,265.4988144,4.301394767,0.377163711,8.753214233,2.07E-18,3.46E-16
KRT6A,57880.74337,4.299772657,0.295187879,11.17855067,5.19E-29,2.82E-26
PI3,12164.29399,4.283638793,0.307408761,10.68166951,1.24E-26,4.94E-24
S100A7,6537.035253,4.278633735,0.335896112,9.760856461,1.66E-22,4.40E-20
KRT1,1303.589203,4.234484374,0.314499292,10.28455215,8.27E-25,2.71E-22
C20orf141,9.353562721,4.167797773,0.338072564,9.370171121,7.24E-21,1.62E-18
LCE3D,22.53099105,4.118244015,0.471602691,6.612014893,3.79E-11,2.75E-09
MYOSLID,76.00517958,4.086684451,0.177005661,17.43833751,4.22E-68,3.36E-64
SLC47A2,89.71343973,4.078123836,0.218861508,14.06425402,6.30E-45,1.07E-41
SPANXC,2.684688989,4.075401306,0.568559795,5.409107946,6.33E-08,2.97E-06
INSL4,6.585615501,4.0731469,0.360065346,8.534969934,1.40E-17,2.22E-15
TCHHL1,13.18132791,4.050911162,0.407202216,7.492373667,6.76E-14,7.21E-12
SPRR2G,48.16751972,4.036399501,0.40974311,7.410495561,1.26E-13,1.30E-11
LGALS7,407.9990998,4.002071321,0.310343737,9.673374909,3.91E-22,9.94E-20
KLK13,135.0137442,4.001025383,0.311609209,9.630733922,5.93E-22,1.48E-19
HEPHL1,336.2478428,3.997525017,0.232307659,12.90325525,4.31E-38,5.15E-35
ROS1,83.97795803,3.993628345,0.290551291,10.30326981,6.81E-25,2.29E-22
CES1,4412.055651,3.992098378,0.264602683,11.30789131,1.20E-29,7.16E-27
HMGA2,916.957532,3.959555449,0.264441315,11.19172869,4.48E-29,2.49E-26
TMPRSS11D,276.9993248,3.860976887,0.35040683,8.164729226,3.22E-16,4.42E-14
TM4SF19,85.71368422,3.856952705,0.189260646,15.09533419,1.74E-51,4.61E-48
CDSN,12.10505706,3.8446255,0.32147041,8.848794204,8.85E-19,1.61E-16
PRSS56,8.94489856,3.840725796,0.478360241,5.93846552,2.88E-09,1.66E-07
KRT24,94.22940015,3.830453394,0.336721796,8.405910836,4.25E-17,6.42E-15
NEFL,118.7403492,3.823963625,0.319435623,8.840478098,9.53E-19,1.72E-16
CCDC190,163.5631048,3.821482528,0.320188257,8.811948808,1.23E-18,2.18E-16
SPRR1B,3734.303466,3.814644911,0.281565595,9.996409239,1.58E-23,4.66E-21
CDH18,29.11470209,3.803639279,0.382923581,7.321667876,2.45E-13,2.43E-11
SPRR2F,27.35460917,3.791422021,0.327364112,8.526964063,1.50E-17,2.36E-15
IFNK,5.805502872,3.766825249,0.450476161,6.142001479,8.15E-10,5.07E-08
FGFBP1,2710.738164,3.76432144,0.266961171,10.3547697,3.98E-25,1.38E-22
PICSAR,141.1136613,3.748065203,0.275192594,9.985970765,1.76E-23,5.11E-21
ZP4,1.371953209,3.729917382,0.616030894,4.431461809,9.36E-06,0.000306188
SH2D5,117.1420454,3.705313007,0.182217455,14.84661834,7.32E-50,1.75E-46
IL31RA,36.71756729,3.688102098,0.22356222,12.02395512,2.66E-33,2.19E-30
SERPINB7,291.8276789,3.655196645,0.292611734,9.074129088,1.15E-19,2.26E-17
KRT34,48.18006885,3.65280953,0.288805963,9.185438925,4.10E-20,8.66E-18
KRT5,112059.2742,3.646553286,0.256720361,10.30908992,6.41E-25,2.19E-22
RPE65,24.22256259,3.617011575,0.332447756,7.871948381,3.49E-15,4.39E-13
CDH16,18.86438323,3.611504433,0.291711263,8.952360661,3.48E-19,6.70E-17
NLRP10,9.423182626,3.609769957,0.266271794,9.801150623,1.11E-22,3.06E-20
GBP6,567.1615802,3.55455004,0.218301272,11.70194755,1.25E-31,9.01E-29
KLK12,23.11975329,3.552803485,0.356686819,7.15698856,8.25E-13,7.63E-11
SLC7A11,1718.022866,3.54080299,0.187013307,13.58621495,4.83E-42,6.79E-39
CPA4,611.4516684,3.540619674,0.22298829,11.39351163,4.50E-30,2.83E-27
SPRR4,22.48521884,3.53948977,0.346229702,7.334696463,2.22E-13,2.22E-11
KLK11,421.7780817,3.525496168,0.307381408,8.216164357,2.10E-16,2.92E-14
AGBL1-AS1,1.358201948,3.519590341,0.425085213,5.927259441,3.08E-09,1.76E-07
WFDC12,14.93619976,3.502543804,0.36352635,6.884078145,5.82E-12,4.84E-10
RHCG,2631.039439,3.501117473,0.243107532,10.28811182,7.97E-25,2.64E-22
LCE3E,9.642647474,3.470905117,0.431369144,5.728052531,1.02E-08,5.37E-07
VSNL1,490.1317946,3.450319299,0.201662786,12.15057746,5.70E-34,5.04E-31
RPSAP52,31.90826454,3.450301045,0.215791908,11.35492553,7.01E-30,4.29E-27
DEFB4A,1.71253292,3.438217613,0.496670219,4.909127863,9.15E-07,3.62E-05
TMPRSS11BNL,1.865708282,3.430861177,0.490371197,4.957185888,7.15E-07,2.87E-05
TMPRSS11A,82.58465911,3.425300432,0.274044767,8.85001548,8.75E-19,1.61E-16
SBSN,2265.418427,3.410549274,0.297258831,8.109260417,5.09E-16,6.91E-14
LINC00460,42.98110677,3.409251867,0.274548238,8.775331723,1.70E-18,2.89E-16
LINC01940,1.995927737,3.389544996,0.348102433,6.864488069,6.67E-12,5.44E-10
SPRR2B,7.101935809,3.389535993,0.438996885,5.443172997,5.23E-08,2.48E-06
LINC00536,3.030546659,3.383262152,0.350317964,6.803140006,1.02E-11,8.15E-10
OR10Y1P,2.694796559,3.381070197,0.428790312,5.55299439,2.81E-08,1.39E-06
KLK14,108.5392458,3.371753157,0.22803764,10.40070908,2.46E-25,8.64E-23
KRTAP19-1,1.794536068,3.365821934,0.607000167,3.897563896,9.72E-05,0.00263682
CLDN17,1.131413835,3.364305869,0.646871366,3.654986127,0.000257196,0.00645178
LINC00942,73.11821539,3.359241868,0.222782043,10.58991039,3.32E-26,1.30E-23
MRLN,8.137854214,3.33346422,0.297614591,7.840557186,4.49E-15,5.52E-13
LINC00911,1.127640758,3.330763933,0.47663768,4.89001191,1.01E-06,3.96E-05
XAGE2,13.14709046,3.300777742,0.476076643,4.832788534,1.35E-06,5.15E-05
CXCL5,518.9514269,3.286208761,0.257080124,8.892981413,5.95E-19,1.12E-16
PNLIPRP3,23.38970557,3.284070874,0.447618849,5.102713789,3.35E-07,1.42E-05
LINC02130,1.632460807,3.267875741,0.348787573,6.502168984,7.92E-11,5.63E-09
S100A8,28078.33316,3.257363362,0.254580105,8.867006178,7.51E-19,1.39E-16
DPPA2,10.81724363,3.239349955,0.558608906,4.008797442,6.10E-05,0.001720693
CES1P1,19.75082597,3.217340817,0.327748723,6.765368291,1.33E-11,1.04E-09
PPBP,22.08363372,3.215048681,0.24476437,9.049718638,1.43E-19,2.78E-17
LINC00452,4.719379615,3.209493772,0.303739819,7.274297399,3.48E-13,3.34E-11
HHIPL2,45.35495868,3.180325324,0.20666093,10.55025408,5.07E-26,1.92E-23
SAA2-SAA4,61.37516065,3.17987715,0.324156596,6.724765674,1.76E-11,1.34E-09
TMPRSS11B,4.470379141,3.167891488,0.547016887,3.963116204,7.40E-05,0.002068692
FGF5,31.174041,3.163178249,0.257668495,8.395198821,4.65E-17,6.99E-15
STEAP1B,89.4028967,3.135357889,0.210308131,10.15347282,3.20E-24,9.92E-22
SLC5A1,69.89834634,3.1274934,0.303861728,7.001518139,2.53E-12,2.18E-10
CARD18,15.21831113,3.12395997,0.383040666,5.544998633,2.94E-08,1.44E-06
KRTAP2-3,12.36488779,3.123903305,0.332474092,6.388176873,1.68E-10,1.14E-08
SERPINB2,1144.525141,3.092317757,0.276046669,7.57957979,3.47E-14,3.82E-12
IL36A,1.267449567,3.081310218,0.478802693,4.346905829,1.38E-05,0.000436149
MIR137HG,11.26110694,3.06640145,0.429648757,4.809513388,1.51E-06,5.73E-05
LINC02561,8.174132461,3.037552516,0.224748398,9.065926753,1.24E-19,2.42E-17
ABCA4,476.6676172,3.033311155,0.219969173,9.243618667,2.38E-20,5.22E-18
TNIP3,59.30144176,3.032593394,0.192127358,10.57940636,3.71E-26,1.43E-23
LRRC38,12.6438369,3.031816235,0.271792754,7.475608537,7.68E-14,8.01E-12
CGB8,11.60064104,3.024556516,0.310029034,6.53021587,6.57E-11,4.68E-09
LUCAT1,32.63841496,3.017420684,0.205085502,9.836973696,7.80E-23,2.19E-20
DSG1,289.4374864,3.017347532,0.285998031,7.053711264,1.74E-12,1.52E-10
ADH7,793.1272378,3.011734314,0.390258269,5.154879405,2.54E-07,1.10E-05
EPGN,125.5570246,3.010514389,0.250005704,8.041874069,8.85E-16,1.17E-13
KRTDAP,1436.504002,3.005641505,0.350176225,5.727520498,1.02E-08,5.37E-07
LINC01776,2.887665093,3.003364438,0.455410316,4.399031744,1.09E-05,0.000349959
SAA1,1525.781965,3.001290112,0.264073896,7.578523057,3.50E-14,3.83E-12
PLA2G4E,316.5512071,2.986282946,0.275813009,7.201556412,5.95E-13,5.60E-11
LINC01582,0.7220299,2.982706615,0.627546354,3.159458423,0.001580627,0.033433961
DAW1,8.767068644,2.97628365,0.30702351,6.436913093,1.22E-10,8.42E-09
AKR1B10,4455.903561,2.974972727,0.274235127,7.201749637,5.94E-13,5.60E-11
RTL1,7.301179181,2.950832035,0.399411495,4.884266122,1.04E-06,4.06E-05
OTOP3,5.639468236,2.94941173,0.373332959,5.221643801,1.77E-07,7.83E-06
PGLYRP3,157.009171,2.935363264,0.293655939,6.590581038,4.38E-11,3.15E-09
PTHLH,2012.648098,2.930280945,0.219430179,8.796788816,1.41E-18,2.45E-16
GAST,6.789848464,2.9250273,0.303168564,6.34969298,2.16E-10,1.44E-08
RAET1L,77.70220594,2.92412837,0.225449878,8.534617056,1.41E-17,2.22E-15
LINC02057,4.37812709,2.920575977,0.271456206,7.075085895,1.49E-12,1.34E-10
AKR1C7P,8.856811955,2.912987594,0.228383279,8.376215646,5.47E-17,8.06E-15
LINC02454,10.15142341,2.90473159,0.209477568,9.092771169,9.65E-20,1.94E-17
FLG,103.0767944,2.889399433,0.253456457,7.454532648,9.02E-14,9.36E-12
GAL,152.5159255,2.882169449,0.255873068,7.355871653,1.90E-13,1.92E-11
ALDH3A1,3057.050993,2.877973006,0.261592285,7.179007604,7.02E-13,6.58E-11
SLC18A3,6.225367377,2.874143991,0.492151766,3.808061095,0.000140061,0.003663515
LGALS9B,14.21768097,2.867878396,0.256181701,7.291224907,3.07E-13,2.99E-11
TNPO1P3,0.934906259,2.850187901,0.359271574,5.149831032,2.61E-07,1.12E-05
CLDN6,27.25952766,2.832078648,0.257032497,7.127809407,1.02E-12,9.38E-11
IL36B,7.618500823,2.827967628,0.310883074,5.879920079,4.10E-09,2.31E-07
AMTN,56.37248186,2.821280206,0.350287496,5.199386868,2.00E-07,8.78E-06
C1orf68,5.448474543,2.81484848,0.427727309,4.243003527,2.21E-05,0.000669238
DDX43P3,1.066126073,2.81303826,0.588292884,3.081863319,0.002057093,0.042349509
TFPI2,1310.460811,2.812613909,0.206773565,8.766178166,1.85E-18,3.11E-16
CARD17,23.64895998,2.808356077,0.248560978,7.275301595,3.46E-13,3.33E-11
CGB5,29.83326922,2.800629941,0.307687267,5.852143172,4.85E-09,2.66E-07
CD70,100.6560726,2.784098078,0.202438446,8.813039799,1.22E-18,2.18E-16
LINC02154,106.0495623,2.783201783,0.317086637,5.623705248,1.87E-08,9.48E-07
LAMC2,15635.00999,2.773573681,0.174266212,10.17738127,2.50E-24,7.97E-22
NKX1-2,34.30410208,2.771008887,0.312254088,5.671691592,1.41E-08,7.29E-07
C11orf87,16.21465815,2.768836734,0.318894086,5.546784369,2.91E-08,1.43E-06
LINC01910,7.568971503,2.760599137,0.258892877,6.800492751,1.04E-11,8.27E-10
ANKRD1,61.45271122,2.752484171,0.248430108,7.054234217,1.74E-12,1.52E-10
LCE3A,1.594686987,2.744489313,0.433820279,4.021225837,5.79E-05,0.001644014
LAMA3,6188.563989,2.744393398,0.191901655,9.090038309,9.90E-20,1.97E-17
SERPINB12,7.796463412,2.738225242,0.391030321,4.445244143,8.78E-06,0.000289981
FOXC2-AS1,2.34495975,2.734312218,0.362958614,4.778264382,1.77E-06,6.64E-05
KRT16,24010.77202,2.733117704,0.251831087,6.882064183,5.90E-12,4.87E-10
CT62,14.48842711,2.72747648,0.210856827,8.192651404,2.56E-16,3.53E-14
MT1L,147.7560914,2.724362059,0.17910764,9.627518166,6.12E-22,1.51E-19
FOXC2,92.00321012,2.714436908,0.196339798,8.731988741,2.50E-18,4.15E-16
SCEL,687.9217159,2.709304737,0.255735047,6.683889262,2.33E-11,1.74E-09
KRT16P3,12.23731299,2.707282252,0.267886609,6.373152646,1.85E-10,1.26E-08
TCHH,144.1151716,2.70500367,0.205297177,8.305051717,9.98E-17,1.43E-14
CLDN24,1.502705609,2.70171368,0.293202912,5.803877147,6.48E-09,3.47E-07
KRT16P4,9.814882399,2.697112211,0.322549503,5.261555803,1.43E-07,6.35E-06
DSC3,7479.024758,2.693348337,0.262571891,6.449084601,1.13E-10,7.86E-09
PPP4R4,62.47144464,2.679674107,0.244028032,6.883119494,5.86E-12,4.86E-10
VNN1,103.5714779,2.673852012,0.190455944,8.788657233,1.51E-18,2.62E-16
NRG1,455.1053029,2.662026015,0.217337721,7.647204596,2.05E-14,2.35E-12
ACTBL2,14.34146152,2.660485949,0.280370108,5.922478541,3.17E-09,1.81E-07
SERPINB13,1341.652431,2.653823893,0.317274735,5.212592464,1.86E-07,8.21E-06
HKDC1,154.1354784,2.65326559,0.226369871,7.303381769,2.81E-13,2.75E-11
MMP20,2.840734206,2.652918573,0.396150202,4.1724542,3.01E-05,0.000891724
BARX2,750.0961809,2.651321959,0.21870838,7.550336941,4.34E-14,4.71E-12
MUC16,1235.964362,2.64217284,0.301162378,5.452782155,4.96E-08,2.35E-06
CDA,502.6387196,2.640209257,0.169423346,9.681128954,3.63E-22,9.31E-20
TGFBI,15983.06731,2.639481824,0.148284607,11.05631834,2.04E-28,9.76E-26
LINC00601,2.95887,2.639229569,0.273865187,5.985534659,2.16E-09,1.27E-07
TREML3P,12.61126322,2.636777031,0.218038989,7.506808927,6.06E-14,6.55E-12
FTLP10,0.648823495,2.631526566,0.533519091,3.058047207,0.002227845,0.045317854
CASP14,5560.589528,2.630027554,0.315613752,5.164627787,2.41E-07,1.05E-05
SDR16C5,330.2007823,2.627609164,0.272414328,5.974756096,2.30E-09,1.34E-07
IL36RN,248.5940443,2.625487672,0.262433123,6.19391202,5.87E-10,3.71E-08
SLC6A15,90.3180741,2.625021393,0.37899706,4.287688648,1.81E-05,0.000557765
ZBED2,317.1753305,2.621763873,0.211699529,7.660687223,1.85E-14,2.13E-12
LINC01711,27.99568851,2.613650133,0.219846233,7.339903478,2.14E-13,2.14E-11
IL1F10,3.233086814,2.611831816,0.350896171,4.59347223,4.36E-06,0.000154458
B4GALNT2,27.66141728,2.589517019,0.317285399,5.009738945,5.45E-07,2.23E-05
SERPINB10,6.036394502,2.580087645,0.289024209,5.466973349,4.58E-08,2.19E-06
KRT31,66.95924541,2.564476735,0.306738236,5.100364249,3.39E-07,1.43E-05
KANK4,163.7303321,2.560953695,0.255047393,6.120249561,9.34E-10,5.77E-08
LINGO2,27.68554229,2.559152572,0.265315675,5.876594264,4.19E-09,2.34E-07
CSF2,55.38631063,2.55808803,0.21058806,7.398748215,1.37E-13,1.41E-11
ANPEP,1917.071431,2.555330418,0.181028906,8.591613647,8.58E-18,1.39E-15
CD109,2125.271012,2.553183666,0.142856479,10.87233618,1.56E-27,6.78E-25
MEFV,71.34063993,2.55240738,0.16184496,9.591941461,8.64E-22,2.11E-19
TMPRSS11GP,2.533974399,2.548980118,0.39561903,3.915332678,9.03E-05,0.002466783
FOLR3,10.66097281,2.544052425,0.246430259,6.265677077,3.71E-10,2.39E-08
PTPRZ1,555.0806971,2.543708891,0.316991082,4.869881132,1.12E-06,4.34E-05
RGS20,165.4584342,2.53142597,0.161126611,9.504488185,2.01E-21,4.75E-19
VNN3,28.39872672,2.521063736,0.229318354,6.632978613,3.29E-11,2.42E-09
LINC00707,54.20382421,2.518055105,0.272604584,5.568707187,2.57E-08,1.27E-06
NFE4,7.47349424,2.506868101,0.257534668,5.851127203,4.88E-09,2.66E-07
GSDMC,560.7468644,2.505878577,0.19389231,7.766571972,8.06E-15,9.53E-13
F3,3990.27365,2.49646251,0.162107309,9.231308048,2.67E-20,5.75E-18
SDR9C7,92.54616003,2.490628223,0.270088929,5.519027476,3.41E-08,1.65E-06
L1CAM,1006.400881,2.490468426,0.250286077,5.955059289,2.60E-09,1.51E-07
LINC01010,10.20389872,2.486791186,0.22083973,6.732444306,1.67E-11,1.29E-09
PCSK9,374.6735978,2.480765638,0.229781996,6.444219576,1.16E-10,8.07E-09
CTSV,969.3407018,2.480586434,0.176962716,8.366657514,5.93E-17,8.68E-15
SH3GL3,53.3739877,2.475388872,0.276276729,5.340257485,9.28E-08,4.28E-06
GBX2,8.47597831,2.474573134,0.218594017,6.745715891,1.52E-11,1.18E-09
EREG,1300.563962,2.472746402,0.269773933,5.459187198,4.78E-08,2.28E-06
APCDD1L,232.5034189,2.466561142,0.230855617,6.352720202,2.12E-10,1.42E-08
KRT16P5,9.310934169,2.461285454,0.371120307,3.937497964,8.23E-05,0.002267886
LINC00160,1.731796161,2.460281776,0.37257072,3.919475412,8.87E-05,0.002430328
KHDC1L,11.37488842,2.457480034,0.316145001,4.610163145,4.02E-06,0.000143412
BEST2,8.454978164,2.445502218,0.246528148,5.863436816,4.53E-09,2.50E-07
ROPN1,2.020703144,2.444595992,0.373588723,3.866808345,0.000110269,0.002952169
CXCL11,1162.05916,2.442366404,0.236318002,6.103497799,1.04E-09,6.34E-08
IL12RB2,113.9012029,2.431884123,0.181299019,7.897914366,2.84E-15,3.58E-13
LHX1-DT,29.01204278,2.429300477,0.338002479,4.228668622,2.35E-05,0.000708826
CACNG6,4.513612117,2.425966504,0.325945593,4.374860514,1.22E-05,0.000388979
KRT78,130.8979723,2.414940215,0.225497523,6.274748371,3.50E-10,2.27E-08
PPP2R2C,441.9030742,2.408852254,0.230743118,6.10571732,1.02E-09,6.28E-08
ODAPH,67.13683549,2.401665574,0.248588225,5.638503476,1.72E-08,8.77E-07
PKP1,9816.675589,2.401549856,0.195283296,7.177008412,7.13E-13,6.65E-11
TGM3,17.21826483,2.401384203,0.233453563,6.002839213,1.94E-09,1.15E-07
HS3ST3A1,78.0018322,2.392477569,0.221969972,6.273270008,3.54E-10,2.28E-08
MT2A,12602.4593,2.385526933,0.163106257,8.49462771,1.99E-17,3.10E-15
SERPINB4,1310.782883,2.377694658,0.329427449,4.182088239,2.89E-05,0.000861158
IL20RB,1138.503114,2.370498226,0.205026186,6.68450335,2.32E-11,1.73E-09
SLCO1B3,89.52906697,2.350081131,0.42303273,3.191434223,0.001415683,0.030430185
LINC01615,103.4123752,2.349931713,0.193685045,6.969726096,3.18E-12,2.70E-10
MELTF,1699.523488,2.3408548,0.159413122,8.411194649,4.06E-17,6.17E-15
DLX2,18.24458501,2.338765035,0.227154718,5.893626359,3.78E-09,2.13E-07
LINC01527,24.90858577,2.333979982,0.306245221,4.35592098,1.33E-05,0.000419687
KRT32,5.209656643,2.333898135,0.275313429,4.845016608,1.27E-06,4.88E-05
IGF2BP2,1372.455305,2.332219083,0.176204036,7.560661583,4.01E-14,4.37E-12
ACOD1,3.780174015,2.330737079,0.28487981,4.671222855,2.99E-06,0.000108974
SPP1,10214.60259,2.330675137,0.192914717,6.897737814,5.28E-12,4.43E-10
TNC,7783.89105,2.329613115,0.168919002,7.871305785,3.51E-15,4.39E-13
LINC01508,18.22371126,2.312069789,0.341770101,3.839042054,0.000123515,0.003270142
SAA2,357.528997,2.30983574,0.263645447,4.968171296,6.76E-07,2.72E-05
EVA1A,255.379984,2.308338261,0.16815769,7.780424818,7.23E-15,8.63E-13
SLC16A1,2883.479118,2.305965537,0.152852832,8.54394071,1.30E-17,2.08E-15
KRT16P6,533.5788544,2.305943957,0.311682622,4.189980018,2.79E-05,0.000832787
SLAMF9,30.15353804,2.302097023,0.189600277,6.867590288,6.53E-12,5.34E-10
IL1R2,303.3079992,2.301984311,0.166072645,7.839848121,4.51E-15,5.52E-13
COL17A1,7450.302808,2.301777964,0.219531601,5.929797621,3.03E-09,1.74E-07
MMP3,781.3273945,2.295978976,0.230302993,5.627278044,1.83E-08,9.32E-07
TUBAL3,24.47315311,2.290698395,0.208519224,6.189829276,6.02E-10,3.80E-08
PPP1R14C,708.1704722,2.288176468,0.202768787,6.352932753,2.11E-10,1.42E-08
DSC2,4349.579391,2.284794138,0.174701019,7.354245225,1.92E-13,1.93E-11
SH3PXD2A-AS1,192.9542283,2.279842466,0.189260969,6.762315949,1.36E-11,1.06E-09
BMPR1B,129.2802681,2.277487311,0.213735629,5.976950682,2.27E-09,1.33E-07
ADAM23,433.9024475,2.275556911,0.179690808,7.09862082,1.26E-12,1.14E-10
DSCAM,12.28556769,2.274805481,0.299794816,4.252259929,2.12E-05,0.000646265
IL22RA2,22.02638847,2.256311526,0.225961434,5.559849314,2.70E-08,1.34E-06
MAGEB17,14.57836353,2.255854769,0.268864649,4.670955336,3.00E-06,0.000108974
SLC13A5,33.70658916,2.254188492,0.211238236,5.937317567,2.90E-09,1.67E-07
OBP2A,5.579778487,2.249633349,0.237922171,5.252277859,1.50E-07,6.67E-06
LGALS9C,20.60806862,2.248869031,0.223455661,5.588889661,2.29E-08,1.15E-06
LIN28A,2.379271932,2.247572151,0.282142256,4.421784125,9.79E-06,0.000318921
MYO16-AS1,7.228284894,2.240342185,0.356256565,3.481598112,0.000498431,0.011914949
BBOX1,93.44215499,2.228682361,0.205305522,5.984653259,2.17E-09,1.27E-07
GPR1,100.7795574,2.22446744,0.203482108,6.017568101,1.77E-09,1.06E-07
HCG22,5.201514889,2.220259902,0.266915995,4.571700177,4.84E-06,0.000169154
SERPINB3,3126.445877,2.21907917,0.316542221,3.851237177,0.000117523,0.003114936
CNFN,748.2330962,2.217988129,0.188117786,6.47460379,9.51E-11,6.70E-09
AREG,2186.789459,2.216033828,0.206300833,5.894468816,3.76E-09,2.13E-07
SLC10A6,68.61191188,2.212877166,0.195112193,6.216306349,5.09E-10,3.24E-08
LINC01303,22.94257137,2.212759621,0.170654959,7.106500899,1.19E-12,1.08E-10
MDGA2,10.77308905,2.205288826,0.354219537,3.402660494,0.000667331,0.015419811
ZPLD1,14.21155865,2.200333163,0.226316049,5.303791606,1.13E-07,5.16E-06
GRAMD2A,263.1825206,2.186828365,0.18682471,6.352630578,2.12E-10,1.42E-08
LUARIS,9.737364019,2.183581058,0.210946102,5.610822134,2.01E-08,1.02E-06
LINC02178,18.68419835,2.182894273,0.265638362,4.453025022,8.47E-06,0.000280052
CLDN10,54.18132311,2.175756154,0.258730604,4.54432579,5.51E-06,0.000189916
CGB3,9.954616596,2.172480004,0.30867255,3.79845893,0.000145599,0.003795894
LINC00705,5.178714523,2.168938344,0.242128229,4.827765637,1.38E-06,5.28E-05
FOXD1,169.6184525,2.167825731,0.215661611,5.415083963,6.13E-08,2.88E-06
SFTA1P,11.2165897,2.159657166,0.219969095,5.271909521,1.35E-07,6.06E-06
MLIP-IT1,2.140298868,2.159599332,0.285144112,4.066713222,4.77E-05,0.001370237
HBE1,11.03740276,2.158420646,0.343029978,3.377024523,0.000732745,0.016713168
DLX1,36.17180763,2.157233501,0.219357843,5.275551069,1.32E-07,5.95E-06
TREM1,341.5248655,2.147780649,0.183313248,6.261307683,3.82E-10,2.45E-08
LINC01583,2.353941929,2.142524166,0.294517359,3.879310103,0.000104753,0.002826678
SRP72P1,0.744536509,2.137183586,0.327740868,3.469764364,0.000520915,0.012378084
SLC6A14,455.9022774,2.135853579,0.260693499,4.35704605,1.32E-05,0.00041809
DSC1,26.61472825,2.135169349,0.243474414,4.662376347,3.13E-06,0.000113101
SULT2B1,666.4127739,2.129554725,0.205157871,5.505783039,3.68E-08,1.78E-06
SPHK1,1744.147115,2.127868539,0.140160718,8.046966053,8.49E-16,1.13E-13
PGLYRP4,214.4448593,2.125510041,0.266411135,4.224710958,2.39E-05,0.000720488
LINC00656,3.054804648,2.110128693,0.236944308,4.685188267,2.80E-06,0.000102291
MMP9,2437.627422,2.104061177,0.196158368,5.628417424,1.82E-08,9.28E-07
CXCL10,2934.549099,2.101431616,0.216913848,5.077737667,3.82E-07,1.61E-05
CALML5,2311.618439,2.101153087,0.340275557,3.236062847,0.001211907,0.026503252
NT5E,1741.560664,2.095180615,0.157757312,6.942186059,3.86E-12,3.26E-10
SLC35F3,38.27377449,2.092989876,0.255790846,4.272982756,1.93E-05,0.000593564
SULF2,5689.546733,2.091054965,0.155492459,7.01677091,2.27E-12,1.97E-10
LURAP1L-AS1,2.46803406,2.090957259,0.277572829,3.930346007,8.48E-05,0.002328362
PPIAP26,2.047047628,2.08466932,0.245326387,4.421331649,9.81E-06,0.000319155
TLL1,164.6464339,2.07410219,0.195798531,5.485752024,4.12E-08,1.98E-06
SPTLC1P4,1.431845904,2.070149685,0.276814572,3.865944184,0.00011066,0.002952712
CCL7,23.6360651,2.065226857,0.232598554,4.57967961,4.66E-06,0.000163177
MYBPH,4.672839514,2.053543587,0.237445678,4.436987837,9.12E-06,0.000300443
TMEM239,0.816327136,2.053490079,0.313072983,3.364998378,0.000765441,0.017359448
SOSTDC1,58.20012683,2.048692129,0.279066547,3.757856826,0.000171375,0.004410133
IL11,334.0430141,2.046698233,0.178875288,5.851553029,4.87E-09,2.66E-07
CALB2,248.9934015,2.046612266,0.229948386,4.551509514,5.33E-06,0.000184342
IGF2BP2-AS1,3.230315616,2.046526621,0.217258663,4.816961536,1.46E-06,5.55E-05
CDH3,8919.312287,2.044591143,0.16603884,6.291245712,3.15E-10,2.05E-08
CYP26B1,357.7122235,2.043125575,0.177888721,5.86392196,4.52E-09,2.50E-07
LINC00626,3.38004907,2.04310781,0.335070785,3.113096862,0.001851352,0.03861323
CDHR1,102.762241,2.043038943,0.203099622,5.135602575,2.81E-07,1.20E-05
SLC19A3,80.61932508,2.042540272,0.193812806,5.379109323,7.49E-08,3.48E-06
TREML4,3.317304999,2.038498408,0.255098945,4.07096317,4.68E-05,0.001347094
DSP,28513.29195,2.033982461,0.15030118,6.879403497,6.01E-12,4.95E-10
LINC02323,36.46284288,2.030502311,0.172927439,5.95916019,2.54E-09,1.47E-07
SH3RF2,558.1154855,2.027975968,0.152725907,6.730855208,1.69E-11,1.29E-09
CCL8,187.2368642,2.026749215,0.190943216,5.377248986,7.56E-08,3.51E-06
TLR8-AS1,1.641941395,2.025780085,0.287901198,3.562958721,0.000366698,0.008972463
RLBP1,7.457402955,2.025441288,0.278110151,3.687176762,0.000226756,0.005736395
RBP1,1621.611164,2.02463018,0.168331106,6.086992501,1.15E-09,6.99E-08
SYT12,460.4807814,2.02243781,0.192779983,5.303651309,1.14E-07,5.16E-06
CASP5,17.13243793,2.019371621,0.197728096,5.155421219,2.53E-07,1.10E-05
GJB2,13422.24116,2.01842018,0.191148231,5.327907941,9.94E-08,4.56E-06
NTSR1,12.60594048,2.013362089,0.233178872,4.345857235,1.39E-05,0.000437659
LHX1,63.86073505,2.010651233,0.324028086,3.119023552,0.001814515,0.037977583
LAMA1,402.0428945,2.006795649,0.203232971,4.953899191,7.27E-07,2.91E-05
NOD2,291.9903072,1.999146077,0.141553029,7.058457756,1.68E-12,1.48E-10
LINC01204,3.198658495,1.999109883,0.292311754,3.417960005,0.000630924,0.014699601
MMP8,5.953190077,1.996968215,0.23610926,4.222486714,2.42E-05,0.000726721
NPSR1,5.926140584,1.996563698,0.274224297,3.634118889,0.000278932,0.006953216
KRT17P3,61.10707329,1.989489619,0.240314939,4.117470274,3.83E-05,0.001115574
MAP2,428.3470119,1.988005269,0.185918382,5.314188181,1.07E-07,4.90E-06
ANXA3,1492.514024,1.984516656,0.155411066,6.334919926,2.37E-10,1.58E-08
LINC01356,19.59128961,1.977833659,0.207510458,4.712213871,2.45E-06,9.02E-05
S100A9,63337.25859,1.972995389,0.228347989,4.261020185,2.03E-05,0.000623836
CSF3,417.7971157,1.972570624,0.287223595,3.386109775,0.00070891,0.016247106
GPR68,732.8353294,1.971166783,0.134769018,7.206157602,5.76E-13,5.45E-11
NECAB2,21.59310797,1.970612932,0.204346161,4.749846667,2.04E-06,7.58E-05
CACNG8,21.40624641,1.967227938,0.194136549,4.982204247,6.29E-07,2.54E-05
MT1A,65.34264896,1.965208013,0.236440939,4.08223727,4.46E-05,0.001286466
SERPINB1,6281.600494,1.958837647,0.112952377,8.488866474,2.09E-17,3.24E-15
MUC13,46.89941764,1.953425785,0.273720113,3.483214202,0.000495432,0.011855117
CCL20,569.9376692,1.949308085,0.233859579,4.059308104,4.92E-05,0.001411024
ANXA1,22115.72696,1.944784527,0.135759894,6.959231454,3.42E-12,2.90E-10
DPP4,475.7594803,1.940964713,0.185323736,5.077410666,3.83E-07,1.61E-05
ARSI,409.0078533,1.936333914,0.180536697,5.186391061,2.14E-07,9.40E-06
CA2,1506.26114,1.934950005,0.186219066,5.020699678,5.15E-07,2.12E-05
PDCD1LG2,207.7120586,1.934492506,0.17194572,5.434811082,5.49E-08,2.58E-06
CD274,560.4461662,1.933888942,0.16016999,5.830611231,5.52E-09,2.98E-07
RHOD,2143.522884,1.927880146,0.123835947,7.492817463,6.74E-14,7.21E-12
RRAD,1123.842059,1.927518456,0.206676658,4.487775574,7.20E-06,0.000242416
C20orf197,47.88866936,1.927037867,0.211713831,4.378730776,1.19E-05,0.000382649
WNT3A,36.01339108,1.925497487,0.232618613,3.978604622,6.93E-05,0.001943019
ARSJ,248.6235739,1.919360874,0.156649496,5.868904112,4.39E-09,2.43E-07
ZNF385B,50.04736649,1.918052756,0.242060893,3.792652108,0.000149047,0.003873111
WNT11,267.7093673,1.91493325,0.208466906,4.388865688,1.14E-05,0.000365737
AADACP1,58.41186879,1.914531093,0.273702347,3.341334499,0.000833767,0.018784143
STAC2,19.92140312,1.912291282,0.209968296,4.344900162,1.39E-05,0.000438732
TM4SF19-AS1,36.3517032,1.905207643,0.133967611,6.756914129,1.41E-11,1.10E-09
ABCA12,473.0850408,1.905188037,0.197209617,4.589979193,4.43E-06,0.000156139
SLC47A1,104.2964693,1.900561437,0.179474288,5.017774118,5.23E-07,2.14E-05
OSBPL6,131.4477044,1.898441223,0.174653974,5.144121261,2.69E-07,1.15E-05
HRK,36.57143162,1.895162956,0.251479202,3.559590415,0.000371434,0.009079024
TMEM45A,3308.046016,1.894273115,0.187370565,4.772751327,1.82E-06,6.81E-05
TPRG1-AS1,7.323637529,1.893383739,0.177298186,5.038876936,4.68E-07,1.94E-05
GNLY,622.8282639,1.890841506,0.19661744,4.530836667,5.88E-06,0.000201584
PDZK1IP1,1866.426786,1.885714079,0.231947064,3.818604406,0.000134209,0.00352978
B4GALNT1,293.8689619,1.884613315,0.175142464,5.050821456,4.40E-07,1.83E-05
GCNT3,252.3576632,1.880496507,0.234521516,3.754438057,0.000173731,0.004462411
TMEM63C,76.50000507,1.877271663,0.211730418,4.143342618,3.42E-05,0.001004175
KRT71,2.905325383,1.869737798,0.247071204,3.520190873,0.000431236,0.010417516
APOBEC3A,384.7548298,1.865420397,0.21285884,4.065700986,4.79E-05,0.001374544
UCHL1,1633.41059,1.86195844,0.218393526,3.946813144,7.92E-05,0.002194124
G0S2,1045.79784,1.861238834,0.168057258,5.124675029,2.98E-07,1.27E-05
RASSF9,119.1602355,1.860584262,0.192193033,4.477707897,7.54E-06,0.000253061
KRT9,61.74425402,1.85975079,0.217829874,3.946891096,7.92E-05,0.002194124
CYTOR,780.9138525,1.849316647,0.121820631,6.971862142,3.13E-12,2.67E-10
MYH15,33.4670576,1.84702192,0.188269533,4.498985604,6.83E-06,0.000231613
NPW,25.93903633,1.841449315,0.188321949,4.468142554,7.89E-06,0.000263164
IGFL2,187.2064952,1.840806088,0.273029107,3.079547445,0.002073153,0.042606694
HTR1D,97.11073221,1.835752518,0.1973701,4.234443406,2.29E-05,0.000693483
C12orf54,59.26847655,1.833399308,0.208063362,4.005507257,6.19E-05,0.001740712
AKR1C1,5121.888776,1.829115859,0.214358465,3.867894179,0.000109779,0.002942356
SIGLEC12,68.505101,1.829012636,0.200361913,4.137575977,3.51E-05,0.00102596
PCDHGC5,19.17279399,1.828356881,0.188591523,4.39233359,1.12E-05,0.000360434
S100A10,17711.57372,1.817348124,0.11544467,7.07999881,1.44E-12,1.30E-10
IDO1,2201.819854,1.81645655,0.241464444,3.381270293,0.000721515,0.016490187
KRT72,5.403881851,1.814645666,0.257998486,3.157559874,0.001590956,0.033622665
FCAR,14.10651578,1.814384738,0.186290737,4.371579349,1.23E-05,0.000394343
BTG4,1.514247507,1.813362626,0.267194745,3.044081669,0.002333918,0.046881309
VSIG8,24.3836834,1.806086671,0.174429155,4.621284048,3.81E-06,0.000136341
TUBB6,4972.163934,1.803645266,0.140955331,5.701418019,1.19E-08,6.18E-07
SLC2A14,15.12982979,1.799580301,0.238707789,3.349619652,0.000809226,0.018265714
SOX7,512.3459741,1.798854062,0.150333664,5.313873428,1.07E-07,4.90E-06
MT1X,2741.227845,1.794951677,0.158735554,5.008025351,5.50E-07,2.24E-05
TGFB2,298.4563369,1.792453192,0.16255804,4.874893858,1.09E-06,4.23E-05
TGFB2-AS1,10.98147513,1.791114196,0.212482221,3.723201837,0.000196712,0.0049978
ADGRF2,16.55017321,1.790493769,0.222748882,3.548811396,0.000386974,0.009410723
SLC16A1-AS1,116.1617198,1.789357796,0.135607774,5.820888948,5.85E-09,3.16E-07
FGFBP2,15.45967632,1.783925276,0.20128975,3.894511648,9.84E-05,0.002664187
GBP5,1952.963934,1.78276679,0.219112583,3.572441076,0.000353669,0.00868034
NUAK2,559.1174344,1.782528718,0.123809352,6.320433007,2.61E-10,1.72E-08
VSTM2L,313.3490703,1.777328761,0.228004593,3.409267987,0.000651375,0.01514652
DHRS9,547.4102012,1.772578335,0.234910679,3.288817425,0.001006093,0.022366632
GPAT3,198.0284334,1.770273719,0.149643238,5.14740077,2.64E-07,1.13E-05
CXCL1,1600.001069,1.766320684,0.208923301,3.667952213,0.000244501,0.006152714
ECM1,2303.147348,1.765046366,0.138271167,5.532942122,3.15E-08,1.54E-06
KRT17P6,10.91874565,1.763401948,0.197449021,3.866324299,0.000110488,0.002952712
IL1RAP,1198.198941,1.759750683,0.114845121,6.615437157,3.70E-11,2.70E-09
LAIR2,22.50807662,1.757029918,0.191909931,3.944714652,7.99E-05,0.00220575
SPTA1,10.3637675,1.75480291,0.22940962,3.290197283,0.001001172,0.022282367
GRAMD1B,193.716999,1.752739491,0.147610521,5.099497552,3.41E-07,1.44E-05
IL13RA2,198.934863,1.750472913,0.225170856,3.332904297,0.000859445,0.019289855
RFX8,32.16392723,1.747278743,0.157622001,4.740954555,2.13E-06,7.88E-05
IGFBP6,2056.568172,1.747003427,0.172338011,4.334525065,1.46E-05,0.000457198
S100A2,40023.82406,1.746421426,0.220885257,3.379227003,0.0007269,0.016595688
PDZK1,60.03166897,1.743557096,0.194324859,3.826361172,0.000130051,0.00342421
ALOX12B,54.13419032,1.743332503,0.227336574,3.269744458,0.001076447,0.023795288
CD44,20064.48659,1.742655296,0.123259637,6.025129684,1.69E-09,1.01E-07
LINC01932,2.688049974,1.742201856,0.243166575,3.052236343,0.002271432,0.046125904
FST,1712.433452,1.740315038,0.172288086,4.296960145,1.73E-05,0.00053773
ANKUB1,7.557282891,1.739824982,0.225225286,3.284822039,0.001020468,0.022648511
SLC38A5,1466.38035,1.738791483,0.177884244,4.153214859,3.28E-05,0.000966551
S100A3,290.4085147,1.734270237,0.162962488,4.505762322,6.61E-06,0.000224662
STX19,41.3213851,1.734030097,0.18257615,4.020405177,5.81E-05,0.001647793
TM4SF1,9217.380474,1.733194888,0.140844369,5.205709612,1.93E-07,8.50E-06
INHBA,1924.783498,1.732751057,0.165883639,4.417259362,1.00E-05,0.000324341
FAM225A,34.82664134,1.728970502,0.152748871,4.772346249,1.82E-06,6.82E-05
DDN,41.73923504,1.728828681,0.163505882,4.457507425,8.29E-06,0.000274642
CAV1,8979.724046,1.72867623,0.151885643,4.797531995,1.61E-06,6.05E-05
TSPAN7,801.4001566,1.728411312,0.191807806,3.797610359,0.000146098,0.003804755
ADGRE1,121.0072826,1.722471775,0.213170987,3.389165601,0.000701057,0.016098012
TRIM16L,698.6750934,1.722249171,0.125111218,5.772857001,7.79E-09,4.15E-07
HES2,1616.292539,1.720578182,0.213753926,3.371064081,0.000748784,0.017030209
VEGFC,792.1020648,1.716961418,0.119520848,5.998630607,1.99E-09,1.18E-07
GFPT2,781.2330813,1.716510473,0.194600125,3.681963064,0.000231445,0.005848822
LRRC4,122.4745585,1.713180518,0.161113665,4.426567536,9.57E-06,0.00031236
CD209,507.8178677,1.711888021,0.19082812,3.730519487,0.000191085,0.004864936
MALL,367.7209133,1.706714554,0.173553614,4.072024411,4.66E-05,0.001342587
VSTM1,5.442606786,1.706457181,0.231916903,3.046165117,0.002317805,0.046690943
TEAD4,813.4891818,1.703202549,0.102507333,6.860021891,6.88E-12,5.59E-10
TENM3,394.6748296,1.698556303,0.216920858,3.220327949,0.00128044,0.027848993
PDPN,2292.233255,1.695689666,0.151884441,4.580387971,4.64E-06,0.000162993
CHST15,1171.351436,1.695487661,0.134441919,5.173145878,2.30E-07,1.01E-05
RNF222,28.81104153,1.692149365,0.195157917,3.546611769,0.000390219,0.009479984
MYO7B,101.6961964,1.690009995,0.181103981,3.810021142,0.000138955,0.003642571
DCBLD2,2757.99144,1.688947498,0.130475764,5.280271813,1.29E-07,5.82E-06
NKILA,144.6793767,1.688547642,0.157918397,4.360148371,1.30E-05,0.000413855
CEACAM19,290.8719788,1.686691267,0.128520866,5.34303329,9.14E-08,4.22E-06
CCL24,32.80620175,1.684490625,0.214039219,3.197968239,0.001383995,0.029829594
C5AR2,105.892059,1.6816403,0.156888609,4.344740544,1.39E-05,0.000438732
FAT2,3721.510952,1.678034785,0.206748054,3.279521974,0.001039831,0.023035442
LINC00862,6.297252124,1.677961337,0.186985592,3.62574105,0.000288134,0.007152731
FN1,107950.1203,1.676806485,0.17561656,3.85388761,0.000116257,0.003088246
ACE2,221.5380766,1.672861692,0.200094825,3.36271411,0.000771802,0.017487111
KHSRPP1,5.966178969,1.669489969,0.209957771,3.188688684,0.001429197,0.030583024
ENKUR,25.12584753,1.667104734,0.149396456,4.465331736,7.99E-06,0.000266271
GPR176,573.6434887,1.661162623,0.125559711,5.265722697,1.40E-07,6.24E-06
OSGIN1,627.3533939,1.660921417,0.147613604,4.477374713,7.56E-06,0.0002531
ADCY7,414.3951527,1.657817323,0.130921677,5.024510364,5.05E-07,2.08E-05
IBSP,47.8546088,1.650712455,0.187342482,3.473384397,0.000513939,0.012248873
MGAM,79.1352616,1.640892811,0.205477336,3.119043801,0.00181439,0.037977583
GPR37,124.3211021,1.640261277,0.197222266,3.246394492,0.001168768,0.025724737
TOX2,365.739932,1.637792086,0.147175812,4.333538764,1.47E-05,0.000458651
CORO6,287.8554289,1.636277961,0.165915253,3.834957593,0.000125586,0.003313943
AMZ1,60.33167087,1.635557192,0.183921715,3.455585386,0.000549099,0.012970365
NCF2,678.3448625,1.635392809,0.132438778,4.797634179,1.61E-06,6.05E-05
TLL2,104.0931875,1.632907563,0.177536968,3.564933931,0.000363948,0.008914296
CXCL8,2434.36813,1.6304341,0.190319113,3.312510708,0.000924626,0.020675085
TLR6,151.9896164,1.626308577,0.134149098,4.668749813,3.03E-06,0.000109983
KYNU,1815.081588,1.619982278,0.153220563,4.0463386,5.20E-05,0.00148082
EMP1,9028.518758,1.618513853,0.139563349,4.431778524,9.35E-06,0.000306158
TMEM150B,71.90399028,1.617798902,0.178018506,3.470419544,0.000519646,0.012360225
PAPPA,232.25839,1.616626438,0.165617843,3.723188441,0.000196723,0.0049978
INHBA-AS1,7.148134674,1.612960722,0.172353483,3.55641622,0.000375948,0.009170604
KLC3,505.6724347,1.612815982,0.15702279,3.90272,9.51E-05,0.002587137
HAL,72.8563388,1.610442335,0.169588545,3.599549331,0.000318769,0.007856064
LYNX1,1246.66114,1.60810009,0.179845154,3.381242569,0.000721588,0.016490187
POLR3G,192.6577533,1.60552235,0.102733472,5.894109646,3.77E-09,2.13E-07
FAM167A,75.57419517,1.604145284,0.152823998,3.953209528,7.71E-05,0.002146224
ADGRG3,71.74469329,1.60347101,0.16135184,3.740093748,0.000183952,0.004693322
FAM225B,16.8357341,1.603091231,0.159981601,3.769753681,0.000163409,0.004214216
SFN,39134.82482,1.60268626,0.140179106,4.299401514,1.71E-05,0.000532534
LILRA5,134.4463067,1.594327158,0.175561585,3.385291595,0.000711027,0.016279991
CCL3,266.1098186,1.592645228,0.165767272,3.575164265,0.000350008,0.00860818
ARHGEF4,964.6562107,1.582316673,0.181173036,3.214146466,0.001308329,0.028429672
SOX9,2031.886358,1.580204085,0.160310156,3.61925969,0.000295447,0.007326657
MSN,13480.52442,1.577866698,0.115037565,5.023286924,5.08E-07,2.09E-05
APLN,432.2181824,1.577232334,0.14931038,3.865989307,0.00011064,0.002952712
PRF1,589.4514133,1.575255701,0.174923611,3.288610942,0.001006831,0.022366632
CD14,3578.841657,1.575046134,0.157830027,3.643452038,0.000269006,0.006719799
OSMR,2911.953282,1.571310766,0.134726129,4.240534269,2.23E-05,0.000675785
RAB38,1066.807103,1.561205613,0.151998373,3.692181713,0.000222339,0.005630611
HPSE,336.335136,1.560032549,0.13410663,4.176024327,2.97E-05,0.000882223
PLAUR,2736.210994,1.557412929,0.114502876,4.868112918,1.13E-06,4.37E-05
TNFSF9,164.0317363,1.5561173,0.171389975,3.244748129,0.001175546,0.025850094
CLCF1,601.4317549,1.555745073,0.121975906,4.556187292,5.21E-06,0.000181073
SRXN1,124.9440083,1.55039855,0.109900457,5.008155227,5.50E-07,2.24E-05
CDK6,1679.357727,1.547500507,0.135547305,4.039184028,5.36E-05,0.001524901
LILRA6,81.57714846,1.547205027,0.155027916,3.529719308,0.000416001,0.010065364
TYMP,8013.790727,1.546837346,0.145672499,3.753881838,0.000174117,0.004466259
MYO1B,4136.363699,1.54599589,0.099517675,5.486421295,4.10E-08,1.98E-06
ADAMTS14,493.3387822,1.539479232,0.153751183,3.508781019,0.000450165,0.010837096
ELOVL4,199.7683478,1.536067419,0.164310724,3.262522411,0.001104254,0.024372181
FCGR3A,2486.770098,1.532466563,0.174783127,3.046441453,0.002315676,0.046690943
C1QC,5761.281769,1.528297174,0.164510902,3.211320157,0.001321266,0.028606676
MIR4435-2HG,1119.383109,1.524706677,0.101849102,5.151804641,2.58E-07,1.11E-05
SIGLEC1,794.2580413,1.524701664,0.168888188,3.106799069,0.001891249,0.039273841
DSE,1700.475399,1.524174764,0.113203644,4.630370058,3.65E-06,0.000130884
EMP3,1640.813113,1.520906123,0.140908816,3.696760338,0.000218368,0.005535938
CTSC,12138.76546,1.517678406,0.107066333,4.835118468,1.33E-06,5.11E-05
DUSP7,3233.614144,1.516195612,0.106164237,4.862236334,1.16E-06,4.49E-05
SHC4,49.63556302,1.512416246,0.148297956,3.45531564,0.000549649,0.01297052
CD300C,70.05734918,1.511415225,0.156416779,3.269567554,0.00107712,0.023795288
PLK2,3151.395204,1.50851409,0.10661052,4.769830293,1.84E-06,6.89E-05
PAQR5,403.106388,1.507288866,0.158086568,3.208930854,0.001332295,0.028819333
PRR16,132.7340097,1.506385198,0.132062075,3.834448299,0.000125846,0.003317151
XDH,739.3145464,1.505364988,0.157662223,3.205365105,0.001348913,0.029099712
GPR84,85.74884213,1.501686347,0.151205038,3.317920832,0.000906902,0.020316813
SAMD9,2364.630516,1.501607407,0.14581728,3.439972327,0.000581774,0.013634286
CMKLR1,540.6010148,1.501286692,0.164374256,3.049666691,0.002290955,0.046325391
FAM20A,573.1621835,1.491293791,0.157997715,3.109499353,0.001874047,0.038984421
GNB4,1067.922519,1.491062273,0.110890711,4.428344524,9.50E-06,0.000310221
CD163L1,315.4578839,1.48924193,0.157293509,3.110375832,0.001868494,0.038936748
EGFR,10092.57914,1.484447881,0.148801787,3.25565902,0.001131295,0.024922935
CDC25B,4466.475329,1.483354669,0.099994858,4.833795248,1.34E-06,5.13E-05
CSF1R,2075.735394,1.475192253,0.153921862,3.087230406,0.002020309,0.041664083
ADAM19,1988.410986,1.471269053,0.154904362,3.042322679,0.002347601,0.047032766
SIRPA,2051.163426,1.463333393,0.118602526,3.906606456,9.36E-05,0.002551707
FCGR2A,1542.988337,1.461306743,0.145301346,3.17482773,0.001499255,0.031939076
STRIP2,294.4776812,1.455063364,0.119321571,3.813756057,0.000136871,0.003595826
FSTL3,2522.836646,1.453768357,0.148315488,3.059480604,0.002217211,0.045178521
SLC39A8,1134.926253,1.447719537,0.103288741,4.334640261,1.46E-05,0.000457198
AXL,2518.247796,1.447044569,0.141605078,3.156981189,0.001594116,0.033659674
PMEPA1,4932.07828,1.446771196,0.138543994,3.22476049,0.001260781,0.02749654
CHST11,1772.209004,1.436983303,0.131734205,3.31715899,0.000909379,0.020353204
ME1,1076.244315,1.427201945,0.133159154,3.208205616,0.00133566,0.028865963
COL5A3,1622.828643,1.411943113,0.133153044,3.09375664,0.001976395,0.040864326
ANXA2,48870.4128,1.405671961,0.080112927,5.063751577,4.11E-07,1.72E-05
IPPK,275.8924002,1.400013318,0.091655537,4.364311562,1.28E-05,0.000406911
IFITM3,19897.42264,1.391345184,0.123074642,3.179738559,0.00147408,0.031458892
MAMLD1,147.0198215,1.380481974,0.117465788,3.239087571,0.001199128,0.026318941
CAV2,3518.386884,1.375006397,0.113843186,3.294060986,0.000987511,0.021998828
FJX1,649.0728469,1.368511771,0.11379736,3.238315656,0.001202377,0.026318941
ARNTL2,2267.411379,1.358926539,0.109746951,3.270492128,0.001073605,0.023761602
GLIPR1,935.0071717,1.351631132,0.114709843,3.065396321,0.002173817,0.044332136
DEGS1,2727.841094,1.326574228,0.100842502,3.238458202,0.001201776,0.026318941
FAM126A,1001.808111,1.319395345,0.103949653,3.072596534,0.002122052,0.043462024
ZNF443,257.0488761,-1.264831611,0.081282136,-3.258177312,0.001121303,0.024725616
ZNF253,441.90259,-1.279838692,0.082143795,-3.406693005,0.00065755,0.01526041
GTF2IRD2,133.9189624,-1.291524534,0.083044517,-3.510460962,0.00044733,0.010779717
SARM1,325.1208505,-1.30821684,0.090584573,-3.402531225,0.000667647,0.015419811
FAM221A,447.4275817,-1.308446302,0.100511953,-3.068752454,0.002149546,0.043949755
PIK3C2B,3467.185982,-1.315948886,0.086421812,-3.655892873,0.000256288,0.006435776
SCOC-AS1,60.99973063,-1.317136112,0.101715041,-3.117888067,0.00182152,0.038090816
ACP6,1932.436933,-1.318742988,0.096603396,-3.299500845,0.000968569,0.021617201
TTLL3,1192.975704,-1.325906669,0.103391317,-3.152166718,0.001620637,0.034159254
IFT140,1731.902554,-1.326857797,0.084629018,-3.862242597,0.000112351,0.002994478
C2orf15,194.0770065,-1.331533601,0.105555883,-3.140834894,0.00168467,0.035446342
NEIL1,929.8201516,-1.333096177,0.101036095,-3.296803739,0.000977918,0.021805474
ICA1,2002.73669,-1.335934405,0.108616879,-3.092837955,0.001982524,0.040955576
ZNF43,989.5106162,-1.338646592,0.104573025,-3.238374247,0.00120213,0.026318941
SSH3,8595.734744,-1.340020835,0.101301564,-3.356521062,0.000789297,0.017849625
NBPF11,388.5409052,-1.351759326,0.084757169,-4.150201466,3.32E-05,0.000978157
LARGE1,1180.507995,-1.356262168,0.104120966,-3.421617976,0.000622497,0.014531626
CTSH,20129.41848,-1.357197304,0.111206579,-3.212015937,0.001318071,0.02856338
ZNF681,422.3505343,-1.363101642,0.114331602,-3.175864205,0.001493909,0.0318536
CROT,3158.684015,-1.365805682,0.106429295,-3.437077001,0.000588028,0.013767359
MCF2L,1740.630562,-1.368189428,0.115257258,-3.194501021,0.001400728,0.030163014
RALGPS1,693.6135587,-1.374834496,0.096867881,-3.869543661,0.000109039,0.002929096
BCAT2,6377.02953,-1.375875761,0.102311802,-3.673826044,0.000238945,0.006025614
PLCD1,2770.480295,-1.377019922,0.116955019,-3.22363183,0.00126576,0.027579888
COLQ,118.1281639,-1.377775994,0.110098474,-3.431255497,0.000600794,0.01405247
ZNF440,1910.844577,-1.378295544,0.098157733,-3.853955601,0.000116225,0.003088246
CFAP44,694.237677,-1.379654251,0.096728604,-3.924942952,8.68E-05,0.002378512
ZNF32-AS1,12.58664627,-1.396398903,0.110122811,-3.599607548,0.000318698,0.007856064
PI4KAP2,518.1754869,-1.402294655,0.129544566,-3.105453732,0.001899873,0.039384442
SEMA6A-AS1,32.11636184,-1.406522554,0.117892485,-3.448248236,0.000564235,0.013288463
ZNF493,440.0924404,-1.408334187,0.097144633,-4.203363321,2.63E-05,0.00078699
TRAK1,8356.910635,-1.408583831,0.087525979,-4.668143501,3.04E-06,0.00011014
LINC00893,102.6088662,-1.412785676,0.110266677,-3.743521486,0.000181459,0.004639641
ZNF436-AS1,245.0584782,-1.417256363,0.088719226,-4.703110955,2.56E-06,9.38E-05
RHPN1,1949.662118,-1.419176979,0.131370835,-3.190791783,0.001418835,0.030470501
ZNF91,1187.871704,-1.427381297,0.100526776,-4.251417519,2.12E-05,0.000647873
CCDC13-AS1,13.99433376,-1.431899328,0.133286627,-3.240380059,0.001193705,0.026225266
TLE2,2796.619618,-1.432293418,0.136791782,-3.160229441,0.001576449,0.033375167
PPM1H,1154.012607,-1.438088638,0.13844301,-3.164396956,0.001554047,0.033017964
BTNL10,26.46934166,-1.441943262,0.126144485,-3.503468747,0.000459241,0.011044434
ARFGEF3,1892.390879,-1.446895387,0.131961711,-3.386553444,0.000707765,0.016236439
ALMS1P1,15.24642006,-1.450134648,0.147882582,-3.043865211,0.002335598,0.046881309
TMC7,1010.730987,-1.451598989,0.129834632,-3.47826295,0.000504675,0.012052134
ZNF44,1000.235752,-1.459261761,0.105343284,-4.359668158,1.30E-05,0.000414212
FABP3,480.6297739,-1.467145577,0.153517504,-3.042946662,0.002342739,0.04697476
SH3BP5-AS1,438.41085,-1.467751051,0.098866441,-4.73114078,2.23E-06,8.25E-05
GCNT7,11.63931476,-1.473335904,0.139045299,-3.404184876,0.000663618,0.015386278
AIFM3,512.8631803,-1.477436908,0.156476511,-3.051173017,0.002279492,0.046171793
GPD1L,3271.75661,-1.504944886,0.108432507,-4.656766665,3.21E-06,0.00011605
PIFO,316.036316,-1.506098215,0.157857169,-3.206051516,0.001345699,0.029056633
SRCIN1,1003.52686,-1.510143483,0.153032647,-3.333559828,0.000857422,0.019277376
TGFBR3,2303.68499,-1.51037792,0.131392464,-3.88437743,0.000102592,0.002771504
SMIM22,2725.532849,-1.515401821,0.167556554,-3.075987235,0.002098068,0.043007698
PIGZ,669.6320343,-1.515730236,0.120818742,-4.268627778,1.97E-05,0.000604491
CYB5A,4658.259796,-1.516484716,0.107929869,-4.785373339,1.71E-06,6.42E-05
C21orf62,4.739506336,-1.517871631,0.164161369,-3.154649805,0.001606909,0.033899809
SMAD6,734.7615477,-1.520174624,0.129704296,-4.010465643,6.06E-05,0.0017106
BICDL2,3122.044101,-1.522215946,0.151772843,-3.440773306,0.000580054,0.013607344
ZFHX2,191.1314335,-1.525238264,0.110788142,-4.740924921,2.13E-06,7.88E-05
RALGAPA2,4307.646105,-1.528563329,0.110143513,-4.798860285,1.60E-06,6.03E-05
ZNF439,542.0256473,-1.528890981,0.113682944,-4.652333596,3.28E-06,0.000118216
LINC02018,22.53839383,-1.531652088,0.139637002,-3.807386858,0.000140443,0.00366629
IFITM10,2643.519513,-1.533589388,0.165537678,-3.223371222,0.001266912,0.027579888
MMRN2,3596.480395,-1.535832474,0.135783615,-3.94622335,7.94E-05,0.002194442
NOX1,131.9640638,-1.53618333,0.126682051,-4.232512246,2.31E-05,0.000697698
PPARG,6339.570128,-1.542223984,0.150602633,-3.600361915,0.000317775,0.00784775
FAHD2CP,331.0285612,-1.546981076,0.122135921,-4.478461973,7.52E-06,0.000252523
GAPDHP62,8.655371584,-1.550560096,0.159134628,-3.459712714,0.000540752,0.01278584
ANKRD19P,348.5831938,-1.550704933,0.172685485,-3.189063242,0.001427346,0.030570817
LINC00885,343.3925839,-1.552525542,0.153385239,-3.602208032,0.000315526,0.007800279
ZNF552,899.9374826,-1.555478447,0.097037691,-5.724357613,1.04E-08,5.46E-07
RHOU,3786.43895,-1.559432955,0.135076453,-4.141602349,3.45E-05,0.001010585
EXTL3-AS1,32.38486348,-1.559773026,0.12190094,-4.592032061,4.39E-06,0.000155298
TNFAIP2,26967.53162,-1.564429166,0.115440773,-4.88933979,1.01E-06,3.97E-05
MFSD13B,12.12266803,-1.566178688,0.136489366,-4.148152385,3.35E-05,0.000985736
CCDC183,93.90595494,-1.566241548,0.13430087,-4.216216514,2.48E-05,0.000746274
ZNF662,499.4606973,-1.566676193,0.181871682,-3.115802237,0.001834453,0.038304821
BAMBI,3306.645335,-1.56743615,0.177899859,-3.189637987,0.001424511,0.030537478
SBK1,1117.983451,-1.570063699,0.184051882,-3.09729893,0.001952928,0.040414108
CABP7,59.06928387,-1.57357647,0.170311991,-3.367798509,0.00075771,0.017216804
STX16-NPEPL1,72.56104806,-1.574151636,0.11470142,-5.005619243,5.57E-07,2.26E-05
HOXB3,1596.78737,-1.575372135,0.139997064,-4.109887156,3.96E-05,0.001148646
LYPD6,749.0981991,-1.579927094,0.127530741,-4.547351416,5.43E-06,0.000187748
CDH26,822.3659893,-1.581058888,0.184770257,-3.144764189,0.001662208,0.035004566
MAGIX,590.4770112,-1.582623359,0.129565724,-4.496739899,6.90E-06,0.00023374
GPLD1,145.6710211,-1.584319473,0.155222776,-3.764392617,0.000166954,0.004301012
TMEM178B,430.5756104,-1.587759117,0.174255279,-3.372977399,0.000743601,0.016928432
FOXA1,3910.98558,-1.592572196,0.167738668,-3.532710745,0.000411322,0.009962258
DUSP2,2227.282758,-1.603308723,0.172330523,-3.500881404,0.000463722,0.011129798
ZNF90,390.5335177,-1.605891442,0.146924963,-4.123815525,3.73E-05,0.001086592
ZNF334,294.7023534,-1.610745445,0.184925748,-3.302652298,0.000957751,0.021395737
MTDHP1,15.10830753,-1.612495356,0.14986563,-4.086963482,4.37E-05,0.001263599
UBE2FP3,27.78638605,-1.616532955,0.115891331,-5.319922977,1.04E-07,4.76E-06
FOXO6,449.6220044,-1.621513254,0.155132854,-4.006329003,6.17E-05,0.001736716
AOC2,212.6149805,-1.621593432,0.145319384,-4.277429572,1.89E-05,0.000582585
CAPN5,3739.941889,-1.623016338,0.138073876,-4.512195609,6.42E-06,0.000218574
CCNI2,171.7154656,-1.624607948,0.205054317,-3.046060948,0.002318608,0.046690943
MMEL1,161.4127274,-1.630369065,0.153281251,-4.112499475,3.91E-05,0.001137103
SHROOM1,2257.001956,-1.630631251,0.122869846,-5.13251439,2.86E-07,1.22E-05
SNORD69,9.419274252,-1.631810004,0.137644507,-4.590157791,4.43E-06,0.000156139
CCDC162P,238.0047682,-1.632959424,0.207484413,-3.050636026,0.002283572,0.046215243
PPP1R9A,543.4649354,-1.636008255,0.169570872,-3.750692837,0.000176347,0.004518598
MYRFL,39.61920642,-1.638151771,0.208060867,-3.067139829,0.002161177,0.044112031
WASIR2,35.90013778,-1.639918337,0.165368138,-3.869659209,0.000108988,0.002929096
KLF15,251.5043332,-1.644668475,0.159237713,-4.048466045,5.16E-05,0.001469178
LINC01767,22.48902257,-1.645651499,0.212120309,-3.043798593,0.002336115,0.046881309
FSIP2-AS1,15.30881145,-1.646950838,0.156319852,-4.138635173,3.49E-05,0.001022487
ABCA9,230.6442593,-1.652751485,0.18830603,-3.466439637,0.0005274,0.012507292
SPTSSB,4038.545612,-1.653882191,0.20855937,-3.135232862,0.001717177,0.036098516
BAIAP3,765.68021,-1.65451894,0.14997656,-4.36414157,1.28E-05,0.000406911
ABCA10,316.7018926,-1.655840797,0.175086609,-3.745807858,0.000179814,0.004602511
TMEM178A,124.3304077,-1.661449699,0.166638223,-3.969375626,7.21E-05,0.00201746
ZNF432,1291.385422,-1.661770048,0.123238051,-5.369851632,7.88E-08,3.65E-06
ALKAL1,70.37121041,-1.662345236,0.187215721,-3.537871882,0.000403366,0.009779469
HAVCR1P1,24.66928212,-1.662375823,0.150205697,-4.409791616,1.03E-05,0.000333464
LIPI,5.046230892,-1.662484674,0.192151207,-3.447725795,0.000565328,0.013301074
MTCO3P12,258.2928627,-1.664542021,0.184179243,-3.608126565,0.000308416,0.007640335
ZNF321P,270.0425676,-1.665442744,0.108087416,-6.156523759,7.44E-10,4.66E-08
NPTXR,1645.305853,-1.670150623,0.167346947,-4.004558414,6.21E-05,0.001745657
RASL10A,108.1594913,-1.672473817,0.155213945,-4.33256056,1.47E-05,0.000460092
SEMA6A,2199.223618,-1.676123746,0.153291779,-4.410698018,1.03E-05,0.00033252
CLIC6,1290.235442,-1.6814977,0.219835091,-3.100040567,0.001934941,0.040076613
PWAR5,28.2050828,-1.684949133,0.197565753,-3.466942637,0.000526414,0.01249632
LINC01082,41.40915032,-1.685522629,0.215190332,-3.185657186,0.001444256,0.030877603
BTG2,15205.37358,-1.686492293,0.120825383,-5.681689369,1.33E-08,6.92E-07
GCNT4,877.380379,-1.687158374,0.145867919,-4.710825925,2.47E-06,9.06E-05
GPC2,294.9712216,-1.691529391,0.163339179,-4.233701892,2.30E-05,0.000694894
GGT6,3316.739779,-1.698797604,0.17704574,-3.946989088,7.91E-05,0.002194124
FREM1,206.5023314,-1.699815493,0.184372353,-3.795663954,0.000147249,0.003830555
SULT1C2,126.0613658,-1.700829262,0.20118166,-3.483564367,0.000494784,0.011855117
MYZAP,488.3972275,-1.701333178,0.138582727,-5.060754622,4.18E-07,1.74E-05
LRRIQ4,31.06206191,-1.704579432,0.183562218,-3.83836848,0.000123855,0.003275493
CHAD,74.80837364,-1.706349739,0.15081827,-4.683449425,2.82E-06,0.000103005
MTATP6P27,2.349073739,-1.711984483,0.225217001,-3.161326542,0.001570523,0.033308762
AOC4P,18.86086548,-1.719561325,0.190733115,-3.77260826,0.00016155,0.004184351
SYT8,7461.383873,-1.722088372,0.216226154,-3.339505222,0.000839278,0.018890473
HNF1B,795.1525986,-1.723171469,0.226691668,-3.190110488,0.001422184,0.030514985
AZGP1,429.3568771,-1.727333525,0.238370354,-3.051275092,0.002278717,0.046171793
GOLT1A,749.6547895,-1.728159979,0.16952164,-4.295380689,1.74E-05,0.000539469
SLC4A9,16.3361194,-1.730960766,0.16544203,-4.418228937,9.95E-06,0.000323329
MIR3189,28.88268382,-1.731791374,0.220332577,-3.321303561,0.00089598,0.020090991
RNU6-853P,1.757585748,-1.733551616,0.218719977,-3.353839124,0.000796987,0.018006474
METTL7A,7000.187249,-1.73809713,0.124852912,-5.911733405,3.39E-09,1.92E-07
CACNB4,126.4887427,-1.739352774,0.180792883,-4.089501552,4.32E-05,0.001251368
KCNH6,5.898840739,-1.740620481,0.240019633,-3.085666256,0.002030966,0.041847722
HPGD,13168.27818,-1.741424196,0.21481545,-3.451447261,0.000557589,0.013144893
DLEC1,77.959018,-1.741677866,0.126167992,-5.878494677,4.14E-09,2.32E-07
CAB39L,2497.203927,-1.743930415,0.117977671,-6.305688268,2.87E-10,1.88E-08
REN,143.781281,-1.744061227,0.234615046,-3.171413081,0.001516993,0.032288146
SLC35F4,11.07435291,-1.744377148,0.190890734,-3.899493359,9.64E-05,0.002618873
REEP6,2571.197413,-1.745388605,0.158030727,-4.716732119,2.40E-06,8.83E-05
ZNF682,416.6424278,-1.745583592,0.118416884,-6.296260839,3.05E-10,1.99E-08
FOXQ1,3457.302786,-1.746960201,0.177358578,-4.211582036,2.54E-05,0.000759843
PKIA,1536.577705,-1.754655168,0.12936649,-5.833467154,5.43E-09,2.94E-07
RNF126P1,13.01920117,-1.755806773,0.246372904,-3.067734963,0.002156878,0.044061941
LINC02067,5.753946476,-1.762135401,0.193896,-3.930640145,8.47E-05,0.002328191
HID1,4257.380304,-1.771823637,0.136834899,-5.640546699,1.70E-08,8.69E-07
ARHGAP6,378.6821166,-1.7745429,0.170082244,-4.553931568,5.27E-06,0.000182761
CYP2J2,1668.398623,-1.774773991,0.156705059,-4.944154284,7.65E-07,3.05E-05
MYCN,427.3592426,-1.774831486,0.227408595,-3.407221647,0.000656278,0.015245698
SCN5A,269.7434368,-1.776544601,0.193503597,-4.013075789,5.99E-05,0.001693789
LPA,29.26281364,-1.782110866,0.255682577,-3.058913417,0.002221413,0.045225553
SORL1,6560.727703,-1.78269393,0.133147991,-5.878375793,4.14E-09,2.32E-07
MTUS2,331.342683,-1.784005685,0.250265082,-3.132701046,0.001732058,0.036379303
EMX2OS,338.3895359,-1.785900149,0.226950515,-3.46287008,0.000534446,0.01266182
KRT12,36.68980682,-1.786775762,0.232121997,-3.389492467,0.000700221,0.016094308
GRM6,21.5444071,-1.786798554,0.230418538,-3.41464954,0.000638641,0.014864904
LINC01451,275.7809696,-1.788182027,0.200336009,-3.934300339,8.34E-05,0.002295641
SLC9A2,815.9240039,-1.795155789,0.20092254,-3.957524073,7.57E-05,0.002112761
KIF5C,697.6696529,-1.799144584,0.162398576,-4.920884175,8.62E-07,3.42E-05
VEGFD,66.89691262,-1.800303571,0.19176523,-4.173350768,3.00E-05,0.000890427
CYP3A7,54.14321776,-1.801761842,0.174195814,-4.602646996,4.17E-06,0.000148466
NRXN3,433.4859751,-1.802094163,0.192218912,-4.172816055,3.01E-05,0.000891413
KRT7-AS,881.3977704,-1.804035937,0.178444711,-4.505798638,6.61E-06,0.000224662
PRR36,689.3543829,-1.807753347,0.188051358,-4.29538693,1.74E-05,0.000539469
ZSCAN1,25.07342466,-1.81359407,0.239286716,-3.400080393,0.00067366,0.015543657
MTND5P1,6.74414306,-1.814618924,0.231910027,-3.512650726,0.00044366,0.010702072
FBLL1,62.16743633,-1.820185209,0.211766495,-3.87306409,0.000107476,0.002896866
LINC01873,7.902033771,-1.821939095,0.193265351,-4.252904573,2.11E-05,0.000645232
SLC8A1-AS1,19.36562542,-1.824307322,0.203438579,-4.051873184,5.08E-05,0.001449692
FSTL4,759.5193468,-1.825258343,0.194319359,-4.246917787,2.17E-05,0.000660174
KRT18P59,14.5076727,-1.827580056,0.169291279,-4.888497872,1.02E-06,3.98E-05
ACER2,1615.319047,-1.82851745,0.181796884,-4.557379804,5.18E-06,0.000180574
BNIP3P40,1.858936703,-1.830192816,0.200814392,-4.134130075,3.56E-05,0.0010402
MAPT,240.4769396,-1.835818599,0.170717381,-4.895919749,9.78E-07,3.85E-05
OTOF,128.5230438,-1.837404067,0.186476334,-4.490672084,7.10E-06,0.000239481
TPRG1LP1,26.29000104,-1.83929712,0.21490163,-3.905494437,9.40E-05,0.002560548
MTCO2P27,0.976926067,-1.840575644,0.265932241,-3.160863987,0.001573019,0.033332098
EVPLL,39.80182587,-1.842923413,0.212921032,-3.958854619,7.53E-05,0.002103485
LINC01833,257.3615122,-1.846343343,0.245672766,-3.445002698,0.000571054,0.013422572
SEZ6,6.806849146,-1.846361316,0.197821417,-4.278410942,1.88E-05,0.000580772
LUZP2,231.722546,-1.846372257,0.248951594,-3.399746286,0.000674484,0.015547639
DSCAML1,26.79600899,-1.846804064,0.208990935,-4.051869835,5.08E-05,0.001449692
FCRLB,935.2991595,-1.847468297,0.184159154,-4.601825541,4.19E-06,0.000148831
NPIPB15,267.6736606,-1.848347076,0.204000471,-4.158554504,3.20E-05,0.000945404
PLA2G2A,4751.961957,-1.852365834,0.251390613,-3.390603273,0.00069739,0.01605127
SMIM23,2.197022081,-1.853865812,0.267387495,-3.193364795,0.001406252,0.030254683
TTC6,150.2672668,-1.857565002,0.169195402,-5.068488799,4.01E-07,1.68E-05
PI16,246.3693702,-1.858880553,0.279647716,-3.071294721,0.002131327,0.043614577
PLEKHH1,1269.046188,-1.862732682,0.128805111,-6.69796933,2.11E-11,1.60E-09
BEND5,255.8879718,-1.864263578,0.130346589,-6.630503995,3.35E-11,2.45E-09
FAM3D-AS1,2.752191062,-1.864661643,0.276431794,-3.127938471,0.00176037,0.036909046
GSTM5,287.1560963,-1.867845303,0.194046371,-4.47236038,7.74E-06,0.000258747
RNF157-AS1,62.28958023,-1.869231805,0.170544733,-5.096796534,3.45E-07,1.45E-05
ZSCAN4,66.03955873,-1.870332395,0.222639081,-3.909162725,9.26E-05,0.002527744
MIR4639,1.377448778,-1.870676653,0.239397019,-3.636956951,0.000275878,0.006884266
SYTL5,596.7624263,-1.871374686,0.214736485,-4.057879049,4.95E-05,0.001416283
LINC01342,8.026593221,-1.873470847,0.239111713,-3.652982273,0.000259212,0.006495535
A1CF,7.718679472,-1.874168648,0.258972511,-3.375526787,0.000736745,0.01678837
RBBP8NL,797.0124655,-1.874196352,0.158957757,-5.499551378,3.81E-08,1.84E-06
CA4,191.1845986,-1.876024062,0.281891417,-3.1076649,0.001885718,0.039193055
C20orf203,11.02907711,-1.87699942,0.177377381,-4.944257363,7.64E-07,3.05E-05
SPAG6,19.26208406,-1.879783118,0.235110479,-3.741998748,0.000182562,0.004662859
TEPP,221.1420025,-1.886232865,0.263319159,-3.365622421,0.000763712,0.017336691
PGM5,1627.335651,-1.888530378,0.241749864,-3.675412109,0.000237466,0.00599463
TRIM63,52.36061631,-1.893542814,0.243525188,-3.669200793,0.00024331,0.006129203
TMEM35A,160.5968055,-1.89543297,0.23518644,-3.807332475,0.000140474,0.00366629
ATF7IP2,1180.239775,-1.896350483,0.116939471,-7.6650807,1.79E-14,2.07E-12
RPL21P32,1.054886842,-1.897121401,0.288458837,-3.11004998,0.001870557,0.038945745
MROH3P,88.28322443,-1.898683483,0.193081937,-4.654415091,3.25E-06,0.000117205
LONRF2,240.5435761,-1.899840262,0.227872753,-3.948871692,7.85E-05,0.002182941
PTCHD1,451.3584418,-1.901504837,0.25430906,-3.544918281,0.000392735,0.009531403
IGHVII-78-1,1.844234444,-1.904193667,0.292831561,-3.087760291,0.002016711,0.041625816
SRMS,226.0476676,-1.90471606,0.147548631,-6.131646604,8.70E-10,5.38E-08
HTR3E,4.579673931,-1.904732426,0.244617395,-3.698561273,0.000216825,0.005502655
PPP1R3C,1480.672298,-1.905181415,0.175851082,-5.147431605,2.64E-07,1.13E-05
DEGS2,1121.856539,-1.90559563,0.181904893,-4.978401712,6.41E-07,2.59E-05
LINC01505,18.22104687,-1.906208738,0.253737553,-3.57144115,0.000355022,0.008704608
PDE10A,1022.497458,-1.907694659,0.168591875,-5.383976303,7.29E-08,3.40E-06
MS4A15,32.58854515,-1.910318601,0.295478966,-3.080823696,0.002064288,0.042461043
C2orf66,23.15051669,-1.91624786,0.178173988,-5.142433349,2.71E-07,1.16E-05
PKIA-AS1,18.19112738,-1.918557388,0.166223795,-5.526028257,3.28E-08,1.60E-06
C10orf99,2917.239996,-1.924249368,0.258598812,-3.574066559,0.00035148,0.008635476
DISC1FP1,6.650660265,-1.926249053,0.260473724,-3.55601724,0.000376519,0.009175163
DCTN1-AS1,11.83141534,-1.927055536,0.19630133,-4.722614651,2.33E-06,8.59E-05
LINC01136,22.25121749,-1.927982281,0.158345666,-5.860484262,4.62E-09,2.53E-07
MTDHP4,4.432583853,-1.928703943,0.301598002,-3.079277506,0.002075033,0.042608652
PCP2,71.40499353,-1.929711749,0.152781745,-6.085227966,1.16E-09,7.05E-08
IYD,92.42633867,-1.93032155,0.240247565,-3.872345392,0.000107793,0.002902149
CAPN9,183.9682291,-1.933528968,0.243246484,-3.837790186,0.000124146,0.003279582
HOXB-AS3,99.7077795,-1.934115933,0.199784698,-4.675612998,2.93E-06,0.000106854
TBX2,5965.857488,-1.935965615,0.159341879,-5.873946125,4.26E-09,2.37E-07
CECR2,402.5929,-1.939273811,0.211618317,-4.438527927,9.06E-06,0.000298764
RIMS4,37.59989783,-1.939652987,0.274879447,-3.418418497,0.000629862,0.014689189
SEMA5A-AS1,4.045194565,-1.940336588,0.230139334,-4.085944677,4.39E-05,0.001267623
SGK2,518.1316785,-1.943451367,0.219128946,-4.305462079,1.67E-05,0.000518836
GPC3,746.3280707,-1.944271715,0.184931955,-5.106049491,3.29E-07,1.40E-05
MYO18B,72.20541507,-1.94613473,0.226543287,-4.176397109,2.96E-05,0.000881878
ODF4,9.398213665,-1.946955472,0.270329186,-3.502971639,0.000460098,0.011053935
FAT3,188.7653433,-1.947935281,0.212476277,-4.461369961,8.14E-06,0.000270112
RBFOX3,110.1387828,-1.950438927,0.249442186,-3.810257359,0.000138822,0.003642571
LARGE-AS1,1.397687638,-1.950492888,0.232152541,-4.094260109,4.24E-05,0.001227433
TMEM51-AS1,439.5363092,-1.952744982,0.137620108,-6.923007091,4.42E-12,3.72E-10
GLP1R,17.69700297,-1.954421552,0.264842873,-3.603727522,0.000313686,0.007762832
NYAP2,17.52276969,-1.954668745,0.268899766,-3.55027733,0.000384826,0.009368011
PPP1R14D,173.0998979,-1.956277849,0.253661968,-3.769890513,0.000163319,0.004214216
ZNF486,2006.798105,-1.959389099,0.171899703,-5.581098072,2.39E-08,1.19E-06
FAM78B,347.9921184,-1.959850741,0.189852137,-5.055780535,4.29E-07,1.78E-05
MIR133A1HG,6.562330846,-1.961501199,0.221113622,-4.348448497,1.37E-05,0.000433666
BRINP2,18.54612311,-1.961855623,0.299374501,-3.212884265,0.001314092,0.028528944
STUM,169.6413558,-1.964239343,0.244326994,-3.94651171,7.93E-05,0.002194341
RN7SKP248,0.825730417,-1.96697243,0.317452827,-3.046035027,0.002318808,0.046690943
GABRG3,12.70641612,-1.96761866,0.301245193,-3.212063401,0.001317853,0.02856338
FAM3D,811.1403034,-1.974778693,0.248859019,-3.916991618,8.97E-05,0.002452682
GATA3,12616.17995,-1.976639543,0.151039316,-6.46612795,1.01E-10,7.06E-09
MFAP3L,1244.868487,-1.979563047,0.137566004,-7.120676753,1.07E-12,9.83E-11
FAM215A,6.393590729,-1.979978803,0.203652584,-4.812012624,1.49E-06,5.66E-05
LINC01030,1.408558329,-1.987745465,0.318024353,-3.105879962,0.001897137,0.039361887
XKR7,8.520535766,-1.988325424,0.290351906,-3.403888189,0.000664339,0.01538806
ANKRD20A11P,39.87171194,-1.992871445,0.21660989,-4.583684719,4.57E-06,0.000160679
CCL15,124.091452,-1.994518111,0.292227093,-3.403237185,0.000665924,0.015409827
SLC5A7,109.5522362,-1.995923492,0.274240428,-3.631570663,0.000281701,0.007014925
CEACAM7,460.8852063,-1.997328046,0.324041471,-3.077779038,0.002085495,0.042786687
ZNF888,96.43684158,-2.00241108,0.127977307,-7.832725209,4.77E-15,5.79E-13
TMEM97,7584.388263,-2.003663192,0.141819408,-7.077051038,1.47E-12,1.32E-10
RAPSN,48.829983,-2.007359292,0.17962264,-5.608197798,2.04E-08,1.03E-06
TKTL1,16.12433654,-2.007488766,0.311918746,-3.229971847,0.001238024,0.027049637
ZNF626,984.7030503,-2.008668005,0.178617696,-5.64707768,1.63E-08,8.40E-07
EMX2,424.8147872,-2.009223985,0.243354906,-4.147128161,3.37E-05,0.000988937
NRXN1,37.06501709,-2.010742467,0.294847119,-3.428022192,0.000607996,0.014206993
CCSER1,405.7615472,-2.011967393,0.162184097,-6.239621573,4.39E-10,2.81E-08
MIR200B,6.912186187,-2.013322503,0.217893983,-4.650529999,3.31E-06,0.000119075
TSPAN8,348.8500749,-2.016162111,0.257776664,-3.942025216,8.08E-05,0.002228061
PADI3,6986.368687,-2.017283019,0.234254476,-4.342640692,1.41E-05,0.000442365
ADAMTS19,33.30137178,-2.020037291,0.237463626,-4.295551735,1.74E-05,0.000539469
DEFB126,24.34469112,-2.022324209,0.270466297,-3.779858048,0.000156918,0.004073211
ZPBP2,3.648451221,-2.024428838,0.28107732,-3.644651363,0.000267755,0.006695545
BNIP3P16,8.394483361,-2.024475876,0.183408055,-5.58577361,2.33E-08,1.16E-06
MIR429,27.21694561,-2.027942146,0.178197326,-5.768560988,8.00E-09,4.23E-07
PEG3,187.8912469,-2.028388299,0.206586903,-4.977993693,6.42E-07,2.59E-05
ARHGEF7-AS2,1.769498894,-2.030860264,0.307799031,-3.34913421,0.000810645,0.01828047
TMPRSS2,4587.402878,-2.034440662,0.20857417,-4.959581813,7.06E-07,2.84E-05
SNCG,17520.28425,-2.034917815,0.168695336,-6.134833609,8.52E-10,5.29E-08
FSIP2,269.9804731,-2.035074656,0.183973832,-5.626205886,1.84E-08,9.36E-07
LINC02206,1.870974945,-2.03805321,0.291740819,-3.55813497,0.000373497,0.009120134
CYP3A43,4.842459074,-2.038348742,0.225933937,-4.595806881,4.31E-06,0.000152965
SLC26A5,21.0227859,-2.044982735,0.178666489,-5.848789779,4.95E-09,2.69E-07
ABCA6,473.6710299,-2.047980371,0.1886902,-5.553973493,2.79E-08,1.38E-06
OR5M6P,2.387881581,-2.05285095,0.326124014,-3.228376035,0.001244952,0.027176142
PTTG2,6.556572664,-2.055859394,0.171592485,-6.153296251,7.59E-10,4.74E-08
UGT2B7,303.5861122,-2.058222023,0.300625002,-3.520073238,0.000431428,0.010417516
FADS6,135.4441882,-2.05963887,0.274533471,-3.859780253,0.000113489,0.00302144
MYOC,22.0018624,-2.061092989,0.283754668,-3.739473245,0.000184406,0.0046999
SCNN1B,4664.906063,-2.061246829,0.206017891,-5.151236243,2.59E-07,1.12E-05
CYP4B1,9086.113945,-2.067644149,0.219949437,-4.854043569,1.21E-06,4.67E-05
PPFIBP2,3793.352698,-2.06861082,0.116531583,-9.17013904,4.72E-20,9.90E-18
FAM174B,4151.206756,-2.069356506,0.143022918,-7.476819244,7.61E-14,7.98E-12
LINC02470,3.155923819,-2.069582006,0.343285616,-3.115720425,0.001834962,0.038304821
LINC01645,7.431564971,-2.075433674,0.312269054,-3.443932921,0.000573318,0.013462542
BNIP3P24,5.337380454,-2.086429686,0.205223851,-5.293876316,1.20E-07,5.44E-06
LCN1P1,3.257277872,-2.086440642,0.244924481,-4.435818896,9.17E-06,0.000301298
FUT9,346.2783303,-2.086959195,0.223849966,-4.855748757,1.20E-06,4.63E-05
ADH1A,10.00535592,-2.090435393,0.217837124,-5.00573718,5.56E-07,2.26E-05
IL9R,161.4427632,-2.090892242,0.173041116,-6.304237214,2.90E-10,1.89E-08
PCED1CP,0.821994177,-2.091902077,0.322048412,-3.390490492,0.000697677,0.01605127
RNF128,4416.097735,-2.097827955,0.164040489,-6.692420647,2.20E-11,1.65E-09
RHEX,534.3487981,-2.098298009,0.222988882,-4.925348736,8.42E-07,3.35E-05
P2RX2,22.4854621,-2.100707321,0.22862118,-4.814546587,1.48E-06,5.61E-05
TTC23L,66.09100905,-2.102300972,0.147394621,-7.478569849,7.51E-14,7.92E-12
MTCYBP21,3.69469122,-2.102764792,0.263073365,-4.191852695,2.77E-05,0.000826975
FBP1,4701.07055,-2.104797539,0.148561574,-7.436630565,1.03E-13,1.07E-11
TFF2,176.554982,-2.105734665,0.304710626,-3.628802447,0.000284739,0.00708318
MIR200A,11.01612576,-2.108176819,0.209684694,-5.284967636,1.26E-07,5.70E-06
CDH23,1046.385523,-2.108494553,0.158006127,-7.01551625,2.29E-12,1.98E-10
STK32A,353.8761886,-2.114783538,0.188618191,-5.910265237,3.42E-09,1.94E-07
MAN1C1,3084.281793,-2.119029188,0.18658235,-5.997508258,2.00E-09,1.18E-07
VIPR1,1232.808375,-2.120239605,0.147052812,-7.617940731,2.58E-14,2.88E-12
TH,573.8084081,-2.121893456,0.26427509,-4.245172925,2.18E-05,0.000663639
LINC01266,8.803941477,-2.122697346,0.25453814,-4.410723454,1.03E-05,0.00033252
TBX1,1380.195939,-2.123104306,0.189819664,-5.916691034,3.28E-09,1.87E-07
SCUBE2,3699.57261,-2.127033394,0.20611424,-5.468003542,4.55E-08,2.18E-06
ALDH1L1-AS2,83.66290777,-2.129302824,0.231302449,-4.882364328,1.05E-06,4.09E-05
MIMT1,0.969030841,-2.130699486,0.356693482,-3.169947149,0.001524667,0.032422587
PACRG-AS1,2.643432195,-2.135695711,0.253144129,-4.486360072,7.25E-06,0.000243688
UCP1,9.101559575,-2.136437099,0.266281481,-4.26780373,1.97E-05,0.000605948
MIR149,1.962995846,-2.138066309,0.301721363,-3.771911606,0.000162002,0.004187311
TM4SF4,14.4964535,-2.139201187,0.31083593,-3.664959801,0.000247377,0.006218548
CASC16,1.972002668,-2.141451133,0.281272407,-4.058169612,4.95E-05,0.001416219
OVGP1,312.2808245,-2.141640025,0.148170078,-7.704929652,1.31E-14,1.54E-12
LINC02571,2.808965564,-2.143950137,0.340496326,-3.359654861,0.000780399,0.017665126
KCTD16,41.04825234,-2.145323304,0.203756938,-5.621027281,1.90E-08,9.60E-07
CTNND2,47.0519983,-2.151889214,0.242680557,-4.746524516,2.07E-06,7.70E-05
EMX1,65.76582175,-2.154189969,0.23421654,-4.927875579,8.31E-07,3.31E-05
RPS3AP53,4.145362791,-2.165606136,0.20405136,-5.712317395,1.11E-08,5.81E-07
REG4,57.76519969,-2.166024111,0.235453413,-4.952249771,7.34E-07,2.93E-05
EEF1GP4,5.002805709,-2.166291737,0.221602511,-5.262989727,1.42E-07,6.33E-06
CTSL3P,8.010971526,-2.168392846,0.369385513,-3.163071657,0.001561139,0.033139165
CA1,6.163098545,-2.171427263,0.307510579,-3.8093885,0.000139311,0.003647899
GHRHR,5.245039986,-2.172013256,0.38696036,-3.028768256,0.00245553,0.049153817
TSGA10IP,13.65775389,-2.176701057,0.224754769,-5.235488705,1.65E-07,7.28E-06
SYT9,28.97245179,-2.177942566,0.241582224,-4.875948837,1.08E-06,4.22E-05
RPL21P54,1.775888002,-2.179565129,0.270610342,-4.358906308,1.31E-05,0.000415104
MIR141,1.591431425,-2.181439767,0.305410933,-3.868361081,0.000109569,0.002940028
ERICH5,375.4533735,-2.182285689,0.171641002,-6.888130895,5.65E-12,4.72E-10
TNNT3,1972.055477,-2.189232369,0.262744574,-4.526191924,6.01E-06,0.000205179
MIR200C,1.535409431,-2.195338705,0.307343822,-3.889255684,0.000100552,0.002719463
RHBG,646.6553206,-2.197306275,0.219874474,-5.445408249,5.17E-08,2.45E-06
KCNJ13,8.579972054,-2.199077052,0.232182305,-5.16437742,2.41E-07,1.05E-05
KCNH4,73.41238597,-2.199582765,0.169940729,-7.058830309,1.68E-12,1.48E-10
TNNI2,1927.003544,-2.205571891,0.215595509,-5.591822832,2.25E-08,1.13E-06
PROKR1,8.561793807,-2.205827413,0.253457165,-4.75751953,1.96E-06,7.31E-05
ZBTB8B,136.2977305,-2.206937776,0.178164792,-6.774277706,1.25E-11,9.85E-10
MIR6784,4.791114785,-2.207306394,0.208569542,-5.788507664,7.10E-09,3.79E-07
RPL7P51,1.526436858,-2.208030726,0.346807468,-3.483289255,0.000495293,0.011855117
TRAV30,30.60050636,-2.208531777,0.300961586,-4.015568214,5.93E-05,0.001677973
TRAV33,1.515367778,-2.208615447,0.39658233,-3.047577651,0.002306939,0.046609149
ASTL,26.38842202,-2.212324524,0.195733459,-6.19375212,5.87E-10,3.71E-08
CHIAP2,3.05631218,-2.213097675,0.396966592,-3.055918808,0.00224372,0.045601939
PWAR1,2.408438521,-2.216710908,0.242129991,-5.025031815,5.03E-07,2.08E-05
CYP3A5,1391.856404,-2.217285059,0.197536796,-6.162320562,7.17E-10,4.51E-08
MIR4728,4.731710266,-2.218019973,0.203635992,-5.981359009,2.21E-09,1.30E-07
FOXH1,56.35753492,-2.21833775,0.181977127,-6.695004848,2.16E-11,1.63E-09
SSTR5,12.8756257,-2.220507535,0.351418595,-3.473087518,0.000514508,0.012250204
PAH,25.79363517,-2.22548729,0.28353596,-4.322158257,1.55E-05,0.000481705
FBP2,22.39206766,-2.228509087,0.175142858,-7.014325901,2.31E-12,1.99E-10
SPATA31E1,3.275683194,-2.229841929,0.343226655,-3.58317721,0.00033944,0.008356877
LINC01671,211.3618315,-2.231442508,0.220776009,-5.577791335,2.44E-08,1.21E-06
ST3GAL5,2162.322977,-2.232539587,0.129820448,-9.494186794,2.22E-21,5.20E-19
ZNF66,198.1880051,-2.232705063,0.149735913,-8.23252778,1.83E-16,2.56E-14
SLC14A1,4976.684578,-2.233004452,0.226808371,-5.436326908,5.44E-08,2.57E-06
SLC38A4,842.5519793,-2.236783121,0.256257343,-4.826332418,1.39E-06,5.31E-05
PPM1N,396.0802454,-2.236844862,0.165391646,-7.478278933,7.53E-14,7.92E-12
GDPD2,439.1319796,-2.236879654,0.223981934,-5.522229538,3.35E-08,1.63E-06
RPL37P1,16.78877402,-2.23998616,0.161365308,-7.684341679,1.54E-14,1.79E-12
NRG2,94.6358502,-2.241784374,0.186434065,-6.66071606,2.72E-11,2.02E-09
CASR,11.46294896,-2.243123251,0.278150121,-4.469252953,7.85E-06,0.000262167
ASB10,1.838725642,-2.244873662,0.295574248,-4.211712182,2.53E-05,0.000759843
EML6,332.1552717,-2.246182274,0.155991737,-7.988771075,1.36E-15,1.79E-13
HCN4,11.81521894,-2.247807503,0.258041936,-4.835677194,1.33E-06,5.10E-05
LINC01820,7.632839189,-2.249939439,0.294383703,-4.245953246,2.18E-05,0.000662176
PCP4L1,1470.475223,-2.250791321,0.220423141,-5.674500928,1.39E-08,7.19E-07
PSD2,57.1330542,-2.253729019,0.219149649,-5.720880785,1.06E-08,5.54E-07
MTND5P32,0.924661591,-2.25690148,0.301779373,-4.16496816,3.11E-05,0.000920353
TLX1,57.85995485,-2.25918238,0.3232789,-3.895034222,9.82E-05,0.002661467
TDRG1,7.018490727,-2.262482478,0.278821061,-4.527930828,5.96E-06,0.000203831
LRRTM3,7.953760149,-2.266399812,0.335746632,-3.771891335,0.000162015,0.004187311
HS3ST6,266.5608231,-2.272158085,0.259393553,-4.904355071,9.37E-07,3.70E-05
BAAT,14.01836492,-2.27275388,0.280260835,-4.541319089,5.59E-06,0.00019209
SELL,1907.359207,-2.276354873,0.201853567,-6.323172238,2.56E-10,1.70E-08
PLA2G2F,5054.045397,-2.277663012,0.237295759,-5.38426399,7.27E-08,3.40E-06
ELOCP24,1.524528975,-2.278808587,0.338797278,-3.774553895,0.000160294,0.004156338
TFAP2B,45.90226532,-2.283841853,0.322293042,-3.983461282,6.79E-05,0.001905955
SCN11A,38.44641257,-2.285336111,0.193056304,-6.657830311,2.78E-11,2.05E-09
SULT1A2,151.0127736,-2.294052884,0.194595187,-6.649973728,2.93E-11,2.16E-09
MS4A5,1.043111371,-2.295626981,0.336388782,-3.851576062,0.00011736,0.003114084
CYP2C8,42.79462464,-2.297759027,0.183456771,-7.073922768,1.51E-12,1.34E-10
SHH,1333.229465,-2.298507418,0.288929604,-4.494199974,6.98E-06,0.000236212
GSTM2,2966.970195,-2.298871317,0.209037922,-6.213567879,5.18E-10,3.29E-08
PLCE1-AS2,1.796578704,-2.305707532,0.292662536,-4.461478231,8.14E-06,0.000270112
PTPRT,39.51602203,-2.313120391,0.253875107,-5.172308565,2.31E-07,1.01E-05
ACOXL-AS1,30.85545678,-2.313202807,0.156667844,-8.382082563,5.20E-17,7.76E-15
OR5M11,5.775411036,-2.314329546,0.262213343,-5.012443428,5.37E-07,2.20E-05
OR9K2,0.827343529,-2.316756093,0.414080165,-3.179954519,0.001472982,0.031458892
KLHDC7A,1585.508641,-2.320644356,0.21982278,-6.007768431,1.88E-09,1.12E-07
SPINK1,24417.04997,-2.32313729,0.288187501,-4.591237593,4.41E-06,0.000155659
SIGLEC15,411.5173322,-2.3301975,0.17452042,-7.622016375,2.50E-14,2.81E-12
BCAS1,3908.619635,-2.340872437,0.199952246,-6.705963366,2.00E-11,1.52E-09
FAM3B,2712.212916,-2.344650228,0.21048769,-6.388260654,1.68E-10,1.14E-08
FABP7,35.86774818,-2.34567962,0.430088075,-3.128846625,0.001754939,0.0368275
FABP6,666.3033601,-2.347196017,0.196887458,-6.84246742,7.78E-12,6.30E-10
LCE1E,12.04828454,-2.348339145,0.335721044,-4.016248513,5.91E-05,0.001675123
MYCL,6453.671951,-2.348452794,0.147704196,-9.129414242,6.89E-20,1.41E-17
ATOH8,697.1142828,-2.354433491,0.190027315,-7.127572649,1.02E-12,9.38E-11
HS3ST5,87.14517058,-2.354684401,0.257439729,-5.262141961,1.42E-07,6.34E-06
TBX2-AS1,519.2488032,-2.358921824,0.181092245,-7.504031019,6.19E-14,6.66E-12
HAVCR1,98.30359062,-2.359586036,0.325696873,-4.174390813,2.99E-05,0.000887472
PACRG,78.12892756,-2.362490933,0.199775358,-6.820115072,9.10E-12,7.29E-10
CPNE6,14.65547917,-2.366055824,0.258853883,-5.277324052,1.31E-07,5.91E-06
OR13A1,84.30374917,-2.366557848,0.173993315,-7.854082494,4.03E-15,4.98E-13
BRDT,8.447837075,-2.368080734,0.300467615,-4.553172002,5.28E-06,0.000183156
COL9A1,68.3445914,-2.372880654,0.237584136,-5.778503039,7.54E-09,4.02E-07
VWC2L,2.099663579,-2.374982787,0.27583755,-4.984755654,6.20E-07,2.52E-05
KEL,77.93446491,-2.375016726,0.190163353,-7.230713501,4.80E-13,4.57E-11
CYP4Z2P,77.81148184,-2.376413019,0.213787006,-6.438244507,1.21E-10,8.37E-09
PLIN5,570.3806141,-2.381345642,0.173191702,-7.975818842,1.51E-15,1.96E-13
LINC01612,53.1958615,-2.382485025,0.313196578,-4.414112809,1.01E-05,0.000328202
TPPP2,10.26037257,-2.385282121,0.23594473,-5.871214498,4.33E-09,2.40E-07
SFTPA2,68.34949058,-2.39001313,0.282949235,-4.912588408,8.99E-07,3.56E-05
HSD17B2,2595.141362,-2.392181688,0.208225068,-6.685946627,2.29E-11,1.72E-09
GAS2,88.11727667,-2.395587344,0.197476618,-7.06710169,1.58E-12,1.40E-10
DPP10-AS1,12.78603037,-2.397249682,0.458868638,-3.044988402,0.002326893,0.046814261
BMP3,1982.145686,-2.410698816,0.231043772,-6.105764293,1.02E-09,6.28E-08
GDF7,387.346266,-2.415152971,0.158359977,-8.936304485,4.02E-19,7.69E-17
BTNL2,2.916565413,-2.415862003,0.309171406,-4.579537362,4.66E-06,0.000163177
PGLYRP2,24.49315298,-2.416482886,0.214750797,-6.595937745,4.23E-11,3.05E-09
CYP4F22,1668.403933,-2.419773038,0.218399088,-6.500819436,7.99E-11,5.66E-09
EVX1,400.0284199,-2.420645881,0.242338573,-5.862235889,4.57E-09,2.51E-07
COL6A5,71.07611341,-2.433548834,0.222186598,-6.452004061,1.10E-10,7.73E-09
PSCA,61483.33196,-2.450494408,0.239373641,-6.059541073,1.37E-09,8.23E-08
SULT1E1,552.7992998,-2.454458738,0.289243255,-5.028496651,4.94E-07,2.05E-05
BNIP3P15,6.020714782,-2.464416658,0.242486568,-6.039166083,1.55E-09,9.32E-08
BRWD1P3,2.058951954,-2.471345117,0.268613229,-5.477560138,4.31E-08,2.07E-06
TEKT5,83.1033773,-2.475085399,0.192890432,-7.647270949,2.05E-14,2.35E-12
ALB,146.969213,-2.477437997,0.32424433,-4.556557693,5.20E-06,0.000181018
DPP10,22.67035956,-2.479346183,0.374157252,-3.953808654,7.69E-05,0.002143353
PTGDR2,37.53094396,-2.4794256,0.178297523,-8.297510665,1.06E-16,1.50E-14
VSIG2,5869.842829,-2.479973403,0.19389858,-7.632719143,2.30E-14,2.60E-12
TBX3,8229.234391,-2.487311372,0.138393364,-10.74698475,6.12E-27,2.52E-24
RNU6-1065P,1.286187798,-2.495667596,0.35158215,-4.254105605,2.10E-05,0.000642602
WFDC10A,1.254827772,-2.497128464,0.345313063,-4.33556857,1.45E-05,0.00045623
UGT1A1,153.0779562,-2.502961841,0.26464747,-5.67910904,1.35E-08,7.01E-07
GGT2,29.53447876,-2.511172253,0.283185364,-5.336335998,9.48E-08,4.36E-06
PDZD3,99.76897282,-2.516928429,0.252492875,-6.007806869,1.88E-09,1.12E-07
ZNF737,810.093916,-2.520646094,0.162033472,-9.384765207,6.31E-21,1.42E-18
MYCNOS,32.65278115,-2.532129101,0.271378269,-5.645732447,1.64E-08,8.45E-07
PSMC1P7,7.130289406,-2.532796835,0.232145811,-6.602733117,4.04E-11,2.92E-09
RPRM,96.97299035,-2.534796097,0.195793971,-7.838832277,4.55E-15,5.54E-13
SLC7A13,2.255575124,-2.537750083,0.373727194,-4.114632561,3.88E-05,0.001128011
CASQ1,455.2571306,-2.53935199,0.208636566,-7.378150527,1.61E-13,1.63E-11
RPL9P15,1.392484696,-2.540190886,0.442952107,-3.477104777,0.00050686,0.012092224
AATBC,1210.817013,-2.546765792,0.164061581,-9.427958577,4.18E-21,9.51E-19
RMST,27.01200454,-2.556022166,0.294571267,-5.282328383,1.28E-07,5.77E-06
UPK2,16853.5758,-2.556300365,0.242134469,-6.427421814,1.30E-10,8.93E-09
SLC15A5,6.267214686,-2.559827262,0.342049917,-4.560232837,5.11E-06,0.000178399
RNU4-78P,5.032179117,-2.55996812,0.198564112,-7.856244034,3.96E-15,4.92E-13
GBX1,12.99418739,-2.571800775,0.320802105,-4.899596206,9.60E-07,3.78E-05
INSM1,20.94258281,-2.572732947,0.304949441,-5.157356385,2.50E-07,1.09E-05
MIR6071,1.004754447,-2.573768967,0.355018782,-4.432917491,9.30E-06,0.000304963
CYP2C9,49.48288338,-2.580453216,0.300048064,-5.267333485,1.38E-07,6.20E-06
CLEC3A,37.46607136,-2.581169204,0.349206813,-4.527887616,5.96E-06,0.000203831
HS6ST3,329.4889398,-2.587833353,0.275242398,-5.768854516,7.98E-09,4.23E-07
SLC36A2,11.20582372,-2.592733067,0.250345031,-6.362151704,1.99E-10,1.35E-08
KLK3,31.77525642,-2.593261513,0.4857679,-3.279882251,0.001038504,0.023027408
UGT2B4,7.069287747,-2.594550873,0.344770726,-4.624960168,3.75E-06,0.000134145
GGT3P,13.19596684,-2.602076037,0.292406696,-5.478930752,4.28E-08,2.06E-06
AQP12A,1.606156443,-2.603659856,0.439437707,-3.649345125,0.00026291,0.006581285
MROH2A,247.0017733,-2.605248143,0.255231021,-6.289392781,3.19E-10,2.07E-08
ERBB4,78.4120059,-2.607235781,0.23753497,-6.766312256,1.32E-11,1.04E-09
GATA3-AS1,631.680172,-2.611704141,0.203371177,-7.924938866,2.28E-15,2.92E-13
UPK3A,3807.845595,-2.619318017,0.268738246,-6.025632911,1.68E-09,1.01E-07
CYP4F29P,221.8468977,-2.628088948,0.239084519,-6.8096795,9.78E-12,7.81E-10
DACH2,62.43058225,-2.631772296,0.251894422,-6.478000916,9.29E-11,6.57E-09
WSCD2,461.7797934,-2.635246961,0.214630284,-7.618901351,2.56E-14,2.87E-12
GHRH,1.531203682,-2.646276949,0.539455617,-3.051737521,0.00227521,0.046163365
LINC01122,14.74952017,-2.648602505,0.282304249,-5.839807625,5.23E-09,2.84E-07
TDH,71.13367758,-2.652656657,0.187540275,-8.812275956,1.23E-18,2.18E-16
CYP4F12,1746.041923,-2.655420222,0.19758569,-8.378239457,5.37E-17,7.97E-15
MIR548AN,4.319433807,-2.656149377,0.226432123,-7.31410967,2.59E-13,2.56E-11
UPK1A,9300.251232,-2.665021172,0.263365169,-6.322100895,2.58E-10,1.70E-08
GGTLC3,1.668463289,-2.671071845,0.445100821,-3.754367024,0.00017378,0.004462411
MYCNUT,13.3533207,-2.673071801,0.355449311,-4.706920931,2.51E-06,9.23E-05
UGT2B15,126.9730896,-2.678171306,0.311613619,-5.385423503,7.23E-08,3.38E-06
KSR2,241.0479262,-2.679322054,0.191240058,-8.781225406,1.62E-18,2.78E-16
SEZ6L,38.06797068,-2.6923491,0.271777146,-6.226973554,4.76E-10,3.04E-08
ATP1A4,504.4662261,-2.693792883,0.231776551,-7.307869898,2.71E-13,2.67E-11
MIR3131,1.290685498,-2.694289052,0.55985173,-3.026317438,0.002475523,0.049512525
UGT2B11,6.92037885,-2.698468027,0.324354193,-5.236460822,1.64E-07,7.25E-06
ACOXL,553.3426795,-2.70237285,0.191691176,-8.880809696,6.64E-19,1.24E-16
LDHAL6A,28.80419427,-2.705600407,0.268689784,-6.347842409,2.18E-10,1.46E-08
GKN1,28.61256574,-2.70778204,0.354831554,-4.812937347,1.49E-06,5.65E-05
DAB1,377.6958029,-2.70800303,0.255759716,-6.678155016,2.42E-11,1.80E-09
IHH,103.56215,-2.709103659,0.298675048,-5.722284697,1.05E-08,5.51E-07
PTPRR,863.1351272,-2.710500835,0.21584421,-7.924701045,2.29E-15,2.92E-13
TTR,215.6280115,-2.718095085,0.389125001,-4.415278079,1.01E-05,0.000326882
BPIFA2,9.832895925,-2.724201319,0.340899228,-5.057803525,4.24E-07,1.77E-05
PGM5-AS1,81.5377143,-2.724511238,0.37337836,-4.618669489,3.86E-06,0.000137863
CYP4F35P,129.0648494,-2.724512591,0.251013357,-6.870202503,6.41E-12,5.26E-10
MIR3972,12.88617865,-2.725534403,0.267682579,-6.446196131,1.15E-10,7.99E-09
RN7SL706P,1.784333448,-2.73240909,0.385683084,-4.491794334,7.06E-06,0.000238559
LINC02022,1.545404639,-2.743688182,0.523104475,-3.333345949,0.000858082,0.019277376
B3GAT1,272.277584,-2.749941557,0.21848125,-8.009573149,1.15E-15,1.52E-13
PHGR1,171.4676389,-2.751814765,0.392367866,-4.464725366,8.02E-06,0.000266654
LRFN2,69.61601471,-2.757424062,0.221451516,-7.935931496,2.09E-15,2.70E-13
PNCK,1417.380606,-2.762001096,0.216514191,-8.138039763,4.02E-16,5.48E-14
RNF186,51.60237129,-2.762760794,0.3080533,-5.72225909,1.05E-08,5.51E-07
TPSP2,107.2986035,-2.765656421,0.242662529,-7.276180741,3.43E-13,3.32E-11
SCNN1G,2461.217578,-2.770121596,0.21926,-8.073162453,6.85E-16,9.19E-14
AVPR1B,3.266120482,-2.780360506,0.278388618,-6.395234534,1.60E-10,1.10E-08
RPS27P1,0.93126739,-2.781886268,0.33163599,-5.373018368,7.74E-08,3.59E-06
SLC10A1,18.92341963,-2.787099052,0.241903745,-7.387645259,1.49E-13,1.53E-11
SYNPR,3.161681842,-2.796622287,0.378781398,-4.743163989,2.10E-06,7.81E-05
IRS4,7.666662847,-2.800229932,0.292852599,-6.147221969,7.89E-10,4.92E-08
TRPC6P,6.277467155,-2.812363213,0.259259363,-6.990541021,2.74E-12,2.34E-10
AQP12B,2.406769484,-2.81387127,0.399290696,-4.542733626,5.55E-06,0.00019108
PPY2P,8.731846185,-2.818482725,0.400056574,-4.545563908,5.48E-06,0.000189075
CFAP77,19.11265665,-2.81890502,0.229847144,-7.913541957,2.50E-15,3.18E-13
CYP4F2,48.62221044,-2.821277225,0.266393512,-6.836792734,8.10E-12,6.51E-10
GRM3,27.61751475,-2.835552293,0.220071713,-8.340700724,7.39E-17,1.06E-14
PRAP1,283.6380882,-2.840456889,0.253262953,-7.2669803,3.68E-13,3.51E-11
SEC24AP1,4.018477969,-2.840995008,0.331563392,-5.552467654,2.82E-08,1.39E-06
KRTAP5-11,1.457080532,-2.854704984,0.318752817,-5.818630872,5.93E-09,3.19E-07
HMGCS2,9332.00943,-2.862202291,0.283118943,-6.577455643,4.79E-11,3.42E-09
TEX45,126.6324245,-2.897936596,0.176910554,-10.72822709,7.50E-27,3.04E-24
ACSM6,162.9400067,-2.902815885,0.281708552,-6.754554917,1.43E-11,1.11E-09
LEAP2,217.3264111,-2.91294401,0.17134108,-11.16453806,6.08E-29,3.09E-26
VSTM2A,11.25854613,-2.915785716,0.315543022,-6.071393068,1.27E-09,7.67E-08
FAM167A-AS1,3.184748043,-2.91967543,0.322741328,-5.948031009,2.71E-09,1.57E-07
SPINK4,94.60578522,-2.92285226,0.29011298,-6.627942868,3.40E-11,2.49E-09
UNC13C,72.85595419,-2.92579115,0.348899882,-5.519609637,3.40E-08,1.65E-06
FER1L4,11989.50493,-2.931685808,0.172051372,-11.22737813,2.99E-29,1.70E-26
ACSBG1,187.3522897,-2.937528407,0.200601567,-9.658590578,4.52E-22,1.14E-19
CHIA,7.39439177,-2.98118196,0.362744789,-5.4616414,4.72E-08,2.25E-06
TOX3,1231.057526,-3.008694457,0.276065173,-7.276160328,3.43E-13,3.32E-11
BTBD16,2137.053384,-3.012233778,0.242681668,-8.291659599,1.12E-16,1.57E-14
WFDC13,23.40020998,-3.013599637,0.229434141,-8.776373173,1.69E-18,2.88E-16
ADH6,170.0664472,-3.01842136,0.199364131,-10.12429544,4.31E-24,1.30E-21
VWA5B1,142.6988748,-3.029515755,0.277013367,-7.326418141,2.36E-13,2.35E-11
LINC01933,20.86043538,-3.029626901,0.220304082,-9.212842909,3.18E-20,6.77E-18
ATP4A,13.33112098,-3.047804293,0.273457713,-7.488559274,6.96E-14,7.39E-12
AGAP11,51.4694289,-3.055648169,0.195268271,-10.52730258,6.47E-26,2.41E-23
KRTAP5-9,110.2840045,-3.055687585,0.201129809,-10.2207007,1.60E-24,5.17E-22
LCN15,10.52976402,-3.076069801,0.357660123,-5.804588402,6.45E-09,3.46E-07
ENPP7P2,12.27269615,-3.085122751,0.225863774,-9.2317715,2.66E-20,5.75E-18
ITLN1,275.9637188,-3.089288006,0.310421376,-6.730490132,1.69E-11,1.29E-09
TESC,1368.892962,-3.10883336,0.201754286,-10.45248357,1.43E-25,5.16E-23
MIR7152,3.514493849,-3.136311054,0.301357913,-7.088949601,1.35E-12,1.22E-10
GSTM1,7052.581374,-3.137742485,0.324873628,-6.580227816,4.70E-11,3.37E-09
ZNF861P,3.833558223,-3.1558457,0.336749467,-6.40192758,1.53E-10,1.05E-08
SNTG1,111.8442925,-3.15723541,0.280421785,-7.692823899,1.44E-14,1.68E-12
SNX31,3419.000404,-3.166009085,0.236741266,-9.14926715,5.73E-20,1.18E-17
MOGAT2,234.779634,-3.170295532,0.268278397,-8.089714102,5.98E-16,8.07E-14
DHRS2,50093.67075,-3.246704255,0.22985194,-9.774571651,1.45E-22,3.88E-20
MIR483,5.89261589,-3.264363385,0.487618321,-4.643720891,3.42E-06,0.000122885
RXFP2,4.7723968,-3.28289645,0.629586812,-3.626023303,0.000287819,0.007152357
NPHS2,12.61391169,-3.348733239,0.384702366,-6.105325696,1.03E-09,6.28E-08
OR7E121P,12.07537228,-3.354589388,0.281719972,-8.357907225,6.38E-17,9.30E-15
FMO7P,5.994980636,-3.354761762,0.277955654,-8.471717442,2.42E-17,3.73E-15
BPIFB2,4.759484272,-3.391632469,0.428900871,-5.576189352,2.46E-08,1.22E-06
AVP,3.417783464,-3.403897472,0.379527506,-6.33392161,2.39E-10,1.59E-08
KRTAP5-8,28.19810879,-3.404774936,0.215366435,-11.165969,5.98E-29,3.09E-26
MRGPRD,2.716804737,-3.415957438,0.316146919,-7.641881964,2.14E-14,2.43E-12
KRTAP5-7,12.02845835,-3.470043327,0.219401125,-11.25811606,2.11E-29,1.23E-26
SEMG2,7.78749131,-3.503510368,0.36613183,-6.837729374,8.05E-12,6.49E-10
NPAP1,19.06876275,-3.516247044,0.323224757,-7.784821527,6.98E-15,8.38E-13
TAC3,825.1591829,-3.546390173,0.318819561,-7.986932066,1.38E-15,1.81E-13
MUC2,1019.516109,-3.57347275,0.298689799,-8.615870903,6.94E-18,1.14E-15
UGT2B28,28.46340074,-3.581585167,0.289599679,-8.914323299,4.91E-19,9.30E-17
MSMB,289.8429996,-3.58518244,0.282547736,-9.149542208,5.72E-20,1.18E-17
MYT1,252.0563691,-3.591354211,0.264822036,-9.78526657,1.30E-22,3.53E-20
KRTAP5-10,57.26969571,-3.59374883,0.20936445,-12.38867835,3.01E-35,2.76E-32
GUCA2A,186.3510718,-3.598938846,0.363124392,-7.157158539,8.24E-13,7.63E-11
ATOH1,2.446874695,-3.603576033,0.586823573,-4.436727075,9.13E-06,0.000300443
FMO9P,1189.923896,-3.631254787,0.265594601,-9.907034184,3.88E-23,1.10E-20
GABRR3,14.15730018,-3.643818146,0.304152348,-8.692414052,3.55E-18,5.84E-16
PWRN1,52.93666536,-3.692911588,0.324442416,-8.30012186,1.04E-16,1.48E-14
DGKK,17.33823415,-3.735271462,0.359744854,-7.603365081,2.89E-14,3.20E-12
EVX1-AS,68.75268313,-3.771422556,0.277125806,-10.00059356,1.51E-23,4.52E-21
CTSE,2738.691576,-3.775577875,0.280106368,-9.909013848,3.80E-23,1.09E-20
OR6B3,2.158500341,-3.845450695,0.418962003,-6.791667675,1.11E-11,8.77E-10
NEUROD4,2.443339701,-3.847922647,0.629535613,-4.523846763,6.07E-06,0.00020717
LRTM1,12.37425024,-3.983356617,0.347795952,-8.57789345,9.66E-18,1.56E-15
ZNF350-AS1,606.9123856,-3.994582951,0.269830921,-11.09799775,1.28E-28,6.25E-26
SLC10A2,4.154003715,-4.053570502,0.500909993,-6.096046285,1.09E-09,6.62E-08
C1orf87,3.348743395,-4.057215676,0.403240441,-7.58161971,3.41E-14,3.77E-12
FOXN4,19.48076942,-4.057257097,0.315668947,-9.685010586,3.49E-22,9.06E-20
CCDC198,162.2108007,-4.063136202,0.392401655,-7.806124583,5.90E-15,7.11E-13
MS4A8,44.284716,-4.129018288,0.355403826,-8.804121001,1.32E-18,2.32E-16
MYBPC1,497.7122787,-4.133630294,0.3089648,-10.14235375,3.58E-24,1.10E-21
PM20D1,3490.350732,-4.199873661,0.291844611,-10.96430613,5.67E-28,2.56E-25
CTXND1,223.9748872,-4.204519544,0.242909963,-13.19221123,9.73E-40,1.22E-36
BHMT,2441.318425,-4.208997815,0.287415001,-11.16503248,6.05E-29,3.09E-26
SSTR5-AS1,48.57328349,-4.331170879,0.357200415,-9.325775496,1.10E-20,2.44E-18
SULT2A1,406.2086134,-4.568479289,0.331253921,-10.77264015,4.64E-27,1.94E-24
UGT2A3,35.42312398,-4.570995285,0.459160101,-7.77723342,7.41E-15,8.81E-13
HRH3,49.8524053,-4.630198792,0.305224263,-11.89354593,1.28E-32,1.02E-29
CRH,1730.814933,-4.815419184,0.397951983,-9.587637076,9.01E-22,2.17E-19
LINC00967,179.0058273,-5.010332441,0.364963158,-10.98832131,4.35E-28,2.00E-25
CYP1A1,5876.596611,-5.016059406,0.36913581,-10.8796256,1.44E-27,6.38E-25
SST,69.78597235,-5.05319925,0.425319223,-9.529781458,1.58E-21,3.76E-19
CYP4F8,3014.041773,-5.133637085,0.294623036,-14.03025759,1.02E-44,1.62E-41
PVALB,460.0670294,-5.227365969,0.279178285,-15.14217329,8.53E-52,2.55E-48
CRTAC1,2942.892643,-5.266366403,0.277595727,-15.36899164,2.64E-53,9.02E-50
FMO8P,60.71454126,-5.637109967,0.392753412,-11.80667009,3.61E-32,2.78E-29
CYP1A2,109.6770278,-5.918336372,0.392756399,-12.52261297,5.62E-36,5.83E-33
LINC01541,32.48892561,-7.068444101,0.501299062,-12.10543677,9.88E-34,8.43E-31
CASC22,39.73350542,-7.294406193,0.42765686,-14.71835665,4.91E-49,1.07E-45
