"","DSC1","MDGA2","DLX1","GGT2","GNLY","UGT2B4"
"TCGA-2F-A9KP-01A",-0.318674670109427,-0.310853351383101,-0.226161542804036,-0.377542666476619,-0.934353549620753,-0.0794255317790322
"TCGA-4Z-AA7M-01A",-0.281049686668565,0.532165565733002,-0.505243964600624,-0.400078380220377,-0.928196409452972,-0.216302562210497
"TCGA-4Z-AA7O-01A",-0.146488866927614,-0.310853351383101,-0.505243964600624,-0.338077897684306,-0.586004290010692,-0.105204617553883
"TCGA-4Z-AA7R-01A",-0.252550839941264,0.429774944761915,-0.423106320950255,-0.505448658422074,-0.990709491391729,0.0585421522813687
"TCGA-4Z-AA7S-01A",-0.329985658166889,-0.279092908148437,-0.402913743275209,-0.505448658422074,-0.950724298772733,-0.362598873982773
"TCGA-4Z-AA7Y-01A",-0.275321002830547,-0.310853351383101,-0.356668589567182,-0.220927091484905,-0.835839306936269,-0.362598873982773
"TCGA-4Z-AA82-01A",-0.119020098997686,-0.310853351383101,0.759050681123552,-0.504139710866773,0.388852090906797,-0.362598873982773
"TCGA-4Z-AA84-01A",-0.203360059477275,-0.207200726045073,-0.482658554262755,-0.322370527020699,-0.307266932768123,-0.362598873982773
"TCGA-4Z-AA89-01A",-0.279477461135734,-0.310853351383101,-0.479923888362386,-0.533983715127626,-0.79954839841794,-0.362598873982773
"TCGA-5N-A9KI-01A",-0.330999472562198,-0.310853351383101,-0.467129558614231,-0.533983715127626,-0.427222510625112,-0.305686584618296
"TCGA-BL-A13I-01A",-0.337113080582392,0.508439883634525,2.95703839854515,-0.533983715127626,-0.134867008070276,0.147529573369554
"TCGA-BL-A13I-01B",-0.281826763656056,7.08785758386541,2.08048031083758,-0.533983715127626,-0.247144269953327,-0.0765501722118374
"TCGA-BL-A13J-01A",5.27172560725073,-0.23248288019611,-0.400569743932035,-0.417858251179877,-0.615486125872886,-0.332040742306585
"TCGA-BL-A13J-01B",3.59829935046694,-0.19331867800873,-0.505243964600624,-0.27852078391813,-0.267426614035427,-0.248476844264108
"TCGA-BL-A3JM-01A",-0.209070671757444,-0.269367061160551,3.15969667509035,-0.533983715127626,-0.475972573365301,-0.322249647228637
"TCGA-BL-A5ZZ-01A",3.03446674558947,-0.0264817006992258,1.61705210736433,-0.533983715127626,0.874179610014181,0.228832843890236
"TCGA-BT-A0S7-01A",3.31999735959793,0.381734645193722,-0.505243964600624,-0.533983715127626,-0.961010344700084,-0.362598873982773
"TCGA-BT-A20N-01A",0.862626923340275,-0.310853351383101,0.122996692689508,-0.362947901235017,-0.792087393273454,-0.287046322596481
"TCGA-BT-A20O-01A",-0.297964664814889,5.56503898109082,3.24271331849441,-0.404441538738046,0.0628858467301956,-0.221111353210806
"TCGA-BT-A20P-01A",-0.299301960095688,-0.310853351383101,0.13081002383342,-0.392879168666224,-0.853441484121805,-0.157655142072713
"TCGA-BT-A20Q-01A",-0.343107416320784,-0.310853351383101,-0.28319886015459,-0.258886570588621,-0.664743247215128,-0.362598873982773
"TCGA-BT-A20T-01A",-0.156247508165878,-0.258909251639839,-0.471426890743382,-0.533983715127626,-0.166014893624929,-0.362598873982773
"TCGA-BT-A20U-01A",0.14952325063306,-0.310853351383101,0.498769087392001,0.2793090325658,-0.396726557558812,-0.0941989309346195
"TCGA-BT-A2LA-01A",-0.16815666478813,2.41928276243103,0.161819181810818,-0.515270128245346,-0.894295920058606,0.58577403154201
"TCGA-BT-A2LD-01A",-0.0236022735568825,-0.310853351383101,-0.177572389752836,-0.533983715127626,-0.728487757187441,-0.362598873982773
"TCGA-BT-A3PH-01A",-0.33401019409978,-0.310853351383101,-0.462343893288585,-0.533983715127626,-1.00179234369373,-0.109715957564481
"TCGA-BT-A3PK-01A",-0.013120770004673,-0.310853351383101,0.161086682016077,-0.519556931488955,-0.208028320652135,-0.362598873982773
"TCGA-BT-A42C-01A",-0.160042535314092,-0.310853351383101,0.111032529375394,0.466052217122016,-0.882126513609346,-0.142832167752174
"TCGA-C4-A0EZ-01A",-0.0487217389664879,-0.28298829496106,-0.397590911433419,-0.434983648361726,-0.505961467829548,0.409286444314188
"TCGA-C4-A0F0-01A",-0.343107416320784,-0.310853351383101,4.42936298597597,-0.533983715127626,0.0846169296753024,-0.362598873982773
"TCGA-C4-A0F1-01A",-0.210968185331551,6.90444628253676,-0.505243964600624,-0.533983715127626,0.393922676927322,-0.309603022649475
"TCGA-C4-A0F6-01A",-0.070769039541825,-0.310853351383101,0.935827298254549,1.63756027911603,-0.849095267532784,-0.266670929801359
"TCGA-C4-A0F7-01A",8.72700746791012,-0.310853351383101,1.50009630680391,-0.533983715127626,-0.733630780151117,-0.362598873982773
"TCGA-CF-A1HR-01A",-0.29516357334835,-0.310853351383101,-0.404842659401362,-0.464478599941166,-0.126174574892233,-0.362598873982773
"TCGA-CF-A1HS-01A",0.26102476255915,-0.272698752689273,-0.0383974287519132,-0.533983715127626,-0.350729098658336,-0.362598873982773
"TCGA-CF-A27C-01A",-0.302554840508443,-0.310853351383101,-0.489153385776131,-0.511797054065282,-0.887486847402472,-0.362598873982773
"TCGA-CF-A3MH-01A",-0.343107416320784,-0.310853351383101,-0.456874561487847,-0.489501314039995,-0.96637067849321,-0.362598873982773
"TCGA-CF-A3MI-01A",-0.319650534233254,-0.310853351383101,-0.468228308306344,0.175465859845287,-0.855976777132068,-0.362598873982773
"TCGA-CF-A47S-01A",-0.330871164501472,-0.310853351383101,-0.485937711677215,0.356100622476767,-0.617876544996848,-0.333790745629378
"TCGA-CF-A47T-01A",-0.343107416320784,-0.278369358978058,-0.44210248229389,-0.174241295345851,-0.954780767589153,-0.362598873982773
"TCGA-CF-A47W-01A",-0.343107416320784,-0.310853351383101,-0.505243964600624,-0.143481027796287,-0.50023894932067,-0.362598873982773
"TCGA-CF-A47X-01A",-0.343107416320784,-0.268584618453048,-0.329956763718935,0.0399897878716774,-1.01380963256238,-0.362598873982773
"TCGA-CF-A47Y-01A",-0.343107416320784,-0.310853351383101,-0.453260895833788,-0.486163497773979,-0.878504666451828,-0.362598873982773
"TCGA-CF-A5U8-01A",-0.329374839511605,-0.310853351383101,-0.419370571997072,-0.0101865350815114,-0.817078138660327,-0.362598873982773
"TCGA-CF-A5UA-01A",-0.343107416320784,-0.310853351383101,-0.272748529749608,-0.294664470433504,-0.858077448483428,-0.244114229748365
"TCGA-CF-A9FL-01A",-0.235057571943784,-0.310853351383101,0.34176996471903,-0.533983715127626,-0.828885360393835,-0.298002434050792
"TCGA-CU-A0YO-01A",-0.234334709629838,-0.310853351383101,-0.461684643473318,-0.474077548680036,-0.273221569487455,-0.362598873982773
"TCGA-CU-A3KJ-01A",0.169582679845047,1.33395900686239,-0.470572307649517,-0.377629929646972,0.0527446746891458,-0.293639819535048
"TCGA-CU-A3QU-01A",-0.274634283632299,-0.286917335223467,-0.458632560995227,-0.533983715127626,-0.5165372615295,-0.362598873982773
"TCGA-CU-A3YL-01A",-0.330625391314731,-0.310853351383101,-0.0779524176679651,0.617235659759232,-0.737035316479183,-0.245750210191769
"TCGA-CU-A5W6-01A",-0.0469145831816242,1.36845379289209,-0.443909315120919,-0.209582879338966,-0.52457776221919,1.08102992940885
"TCGA-DK-A1A3-01A",-0.328930279188529,-0.310853351383101,-0.438562066619305,-0.533983715127626,-0.501325503467926,-0.164595665165942
"TCGA-DK-A1A5-01A",-0.0651668566087476,-0.310853351383101,-0.477311305761141,-0.533983715127626,-0.927327166135168,-0.320886330192467
"TCGA-DK-A1A6-01A",-0.323481704497165,-0.310853351383101,-0.458925560913124,-0.491377472202593,-0.0783661924129982,-0.316389862731354
"TCGA-DK-A1A7-01A",-0.323499776055013,-0.052058322535882,-0.413290823700716,-0.512628235762897,-0.866407696945719,-0.270587367832538
"TCGA-DK-A1AA-01A",-0.257900021064461,-0.310853351383101,-0.22933570858125,-0.533983715127626,-0.0979241670635942,-0.362598873982773
"TCGA-DK-A1AB-01A",-0.231569761278997,-0.291191323346171,-0.492420334860679,-0.533983715127626,-0.321754321398194,-0.286352270287158
"TCGA-DK-A1AC-01A",-0.304398139409004,0.331591005013961,-0.459389477449794,-0.491791972261771,-0.199335887474092,-0.271430145636716
"TCGA-DK-A2HX-01A",-0.316741013419623,-0.310853351383101,-0.46366239291912,-0.533983715127626,-0.802590750030255,-0.362598873982773
"TCGA-DK-A2I2-01A",-0.283977279040044,3.46085703327907,0.0360733837134931,-0.381425877557344,0.253395007215631,-0.362598873982773
"TCGA-DK-A2I6-01A",-0.343107416320784,-0.310853351383101,-0.479679721764139,-0.481320391819366,-0.892267685650396,-0.362598873982773
"TCGA-DK-A3IK-01A",-0.32313834489804,-0.262484930679503,-0.458095394479083,-0.163551556977563,-0.528054735490407,-0.0396662494878207
"TCGA-DK-A3IL-01A",-0.305229431070041,-0.310853351383101,-0.465322725787201,-0.398442195776251,-0.961082781643234,-0.362598873982773
"TCGA-DK-A3IM-01A",3.23325388192447,-0.310853351383101,-0.505243964600624,-0.533983715127626,-0.726676833608683,-0.362598873982773
"TCGA-DK-A3IQ-01A",-0.075648360160957,-0.310853351383101,-0.420737904947257,-0.533983715127626,-0.923343134261899,-0.261316811986582
"TCGA-DK-A3IS-01A",-0.343107416320784,-0.177080888487432,-0.461586976834019,-0.533983715127626,-0.890311888185336,-0.319061964122247
"TCGA-DK-A3IT-01A",1.21321514560383,-0.310853351383101,-0.505243964600624,-0.533983715127626,-0.690458362033505,-0.362598873982773
"TCGA-DK-A3X1-01A",-0.343107416320784,-0.310853351383101,-0.385846498057727,-0.266303940068658,-0.777382693813932,-0.362598873982773
"TCGA-DK-A3X2-01A",3.76636483845927,-0.119785890228343,0.133740023012387,-0.365064033116087,-1.05058586859981,-0.362598873982773
"TCGA-DK-A6B1-01A",-0.275754720218914,0.898988168390309,-0.489893210568821,-0.533983715127626,-0.841634262388297,-0.181401646084546
"TCGA-DK-AA6L-01A",-0.326875543061139,-0.232390333209201,0.965127290044217,-0.498707578512276,0.372915963413718,-0.362598873982773
"TCGA-DK-AA6P-01A",-0.326759885090907,0.419847177075318,0.539789075897536,-0.326646422368015,-0.727039018324434,-0.362598873982773
"TCGA-DK-AA6T-01A",-0.328460418684464,-0.310853351383101,-0.280708360852468,-0.470630653451078,-0.627148473720094,-0.293788545029903
"TCGA-DK-AA6W-01A",-0.0667932968151249,1.18756650029732,6.62930403618355,-0.500736447222992,-0.594479412359283,-0.362598873982773
"TCGA-DK-AA6X-01A",-0.319885464485286,-0.310853351383101,0.282925814541446,-0.43400193769525,-0.567750180336802,-0.362598873982773
"TCGA-DK-AA71-01A",-0.197775948102046,-0.191047070148238,-0.132401569077098,-0.358126611072994,-0.621933013813268,-0.362598873982773
"TCGA-DK-AA75-01A",0.640708192959013,0.0793583988748319,-0.395979411884987,0.463870637863181,-0.841199640729395,-0.253136909769562
"TCGA-DK-AA76-01A",-0.281971336118845,0.449714613759571,-0.269256947394673,-0.402063617345916,-1.05861188190087,-0.362598873982773
"TCGA-DK-AA77-01A",-0.329248338606665,-0.310853351383101,-0.397249078195873,-0.533983715127626,-0.572168833868974,-0.362598873982773
"TCGA-E5-A4TZ-01A",1.13857961168896,0.0937452486579511,-0.416806822715476,-0.276993678436946,-0.686184582387634,-0.274107204544104
"TCGA-E7-A3Y1-01A",-0.329969393764825,-0.310853351383101,-0.382672332280513,-0.312335262430062,-0.295677021864066,-0.239652464902717
"TCGA-E7-A4XJ-01A",-0.190746112098926,-0.310853351383101,1.46591298304929,0.353482727366166,-0.856049214075218,-0.362598873982773
"TCGA-E7-A5KF-01A",-0.331425961327425,-0.310853351383101,-0.468472474904591,0.368753782178006,-1.03081782681408,-0.307719166381313
"TCGA-E7-A677-01A",-0.235147929733027,-0.291839152254534,0.351048295452425,0.640360399902876,-0.811790241810351,-0.362598873982773
"TCGA-E7-A6MD-01A",-0.343107416320784,-0.208294463163088,-0.438610899938954,-0.533983715127626,-0.324651799124208,-0.0357993866215931
"TCGA-E7-A6ME-01A",-0.343107416320784,-0.273632635920809,0.716565693028533,-0.434787306228431,-0.279740894370987,-0.148087135237047
"TCGA-E7-A6MF-01A",-0.176198508030773,-0.310853351383101,-0.484379928780398,-0.533983715127626,-0.791073276069349,-0.300481192298374
"TCGA-E7-A85H-01A",-0.18246933860425,-0.310853351383101,-0.505243964600624,0.135324801482736,-0.52870666797876,-0.362598873982773
"TCGA-E7-A8O8-01A",-0.343107416320784,-0.310853351383101,-0.108473242448869,-0.0265483795227687,-0.72406910365527,-0.362598873982773
"TCGA-E7-A97Q-01A",-0.276748655900589,-0.278403012427843,-0.380181832978391,-0.533983715127626,-0.648444935006298,-0.362598873982773
"TCGA-FD-A3B3-01A",1.82728668130052,5.18896167974261,-0.0867424152048655,-0.288337890582884,2.35189325028144,-0.362598873982773
"TCGA-FD-A3B5-01A",2.38208350725367,8.16981599445554,-0.349075008361694,-0.192566561120059,-0.788827730831688,-0.276536387626734
"TCGA-FD-A3B7-01A",-0.0920934778032167,3.46927039572533,-0.112135741422578,-0.36211890111666,0.149810178510623,-0.362598873982773
"TCGA-FD-A3N5-01A",8.33124035102497,-0.26945960814746,2.12687196450456,-0.370168928581759,0.505475569378869,-0.282287106761124
"TCGA-FD-A3N6-01A",4.33923322226106,-0.289777878455198,1.24836054401101,-0.515034517685392,0.0889631462643238,-0.321644830216227
"TCGA-FD-A3SJ-01A",-0.309114816007498,1.18504249156344,-0.464956475889831,0.296543508710591,-0.832796955323954,-0.362598873982773
"TCGA-FD-A3SL-01A",-0.293826278067551,-0.280826060812369,-0.408407491735771,-0.274157625400461,-0.665467616646632,-0.362598873982773
"TCGA-FD-A3SM-01A",-0.298398382203256,-0.175314082373715,-0.469839807854775,-0.533983715127626,-1.00251671312524,-0.362598873982773
"TCGA-FD-A3SP-01A",-0.211582618298404,-0.229605510239486,0.383766619617554,-0.509593659013859,-0.116757772282687,-0.153986579866292
"TCGA-FD-A3SQ-01A",-0.295181644906199,-0.310853351383101,-0.467276058573179,-0.50773931664385,-0.421572429059384,-0.362598873982773
"TCGA-FD-A3SR-01A",-0.141970977465455,-0.104473570576135,-0.505243964600624,-0.533983715127626,-0.562607157373127,-0.362598873982773
"TCGA-FD-A3SS-01A",4.38983358423724,-0.28826347321487,-0.475846306171657,-0.317461973688322,-0.816788390887725,-0.362598873982773
"TCGA-FD-A43X-01A",-0.332692777532615,-0.285655330856527,-0.312938351821103,-0.488846840262345,-0.717477341828587,-0.362598873982773
"TCGA-FD-A43Y-01A",0.106512942953304,5.43379052692903,0.394021616743938,-0.465765731703878,0.661939366583638,-0.288484002380078
"TCGA-FD-A5BR-01A",-0.0387823821497376,-0.275441508846757,-0.0293632646167656,-0.43954314901269,-0.359421531836379,-0.293838120194855
"TCGA-FD-A5BV-01A",-0.266971943104477,0.281447364834201,0.473375761174289,-0.533983715127626,-0.563548837634081,-0.362598873982773
"TCGA-FD-A5BX-01A",-0.343107416320784,-0.274288878191618,3.47711325281176,-0.533983715127626,0.193272344400836,-0.362598873982773
"TCGA-FD-A5BY-01A",-0.0337223459521192,-0.310853351383101,-0.127518237112154,-0.533983715127626,-0.176880435097482,-0.244609981397881
"TCGA-FD-A5BZ-01A",0.474992007487012,-0.310853351383101,-0.40716224208471,-0.366940191278684,-0.868073746638177,-0.0719892570362869
"TCGA-FD-A5C0-01A",4.44404825778315,-0.310853351383101,-0.505243964600624,-0.533983715127626,-0.844676614000612,-0.246245961841285
"TCGA-FD-A62O-01A",-0.329165209440561,-0.310853351383101,-0.148760731159663,0.687264353967813,-0.936526657915263,-0.362598873982773
"TCGA-FD-A62P-01A",2.74351466422641,-0.310853351383101,-0.505243964600624,-0.533983715127626,0.0143530948194571,-0.362598873982773
"TCGA-FD-A62S-01A",-0.0302887499608782,-0.204171915564416,1.30158886242891,-0.533983715127626,-0.523780955844536,-0.310644101113459
"TCGA-FD-A6TC-01A",0.150426828525492,-0.310853351383101,-0.468155058326869,-0.508371974628912,-0.866335260002569,-0.362598873982773
"TCGA-FD-A6TF-01A",0.823953789544192,-0.198450829100954,-0.505243964600624,-0.483501971078201,-0.562969342088878,-0.253434360759272
"TCGA-FD-A6TG-01A",-0.321782978059393,-0.284990675223272,-0.292086524330789,-0.487668787462574,-0.333344232302251,-0.362598873982773
"TCGA-FD-A6TH-01A",1.16406050825554,-0.310853351383101,-0.361234504954406,-0.425231989074737,-0.572820766357327,-0.244015079418461
"TCGA-FD-A6TI-01A",-0.241364545632958,-0.310853351383101,-0.345192759449562,-0.513505230624949,-0.720374819554602,-0.101040303697945
"TCGA-FD-A6TK-01A",-0.299175459190748,0.935165626909263,0.867460650745324,-0.509942711695272,0.691638513275284,-0.362598873982773
"TCGA-FJ-A3Z7-01A",-0.190041321342829,0.299536094093678,-0.382989748858234,-0.437361569753855,-0.469742996254371,-0.362598873982773
"TCGA-FJ-A871-01A",-0.343107416320784,-0.310853351383101,1.90321536051009,-0.533983715127626,-0.949999929341229,-0.362598873982773
"TCGA-FT-A3EE-01A",-0.208438167232742,-0.310853351383101,1.67638459073841,-0.504030631903831,-0.955142952304905,-0.362598873982773
"TCGA-G2-A2EC-01A",-0.280688255511592,-0.285436583432924,-0.358792838971933,-0.4213705937866,-0.145732549542829,-0.362598873982773
"TCGA-G2-A2EK-01A",-0.333538526439931,-0.310853351383101,-0.430382485578022,-0.471961416798967,-0.889152897094931,-0.0104169021663559
"TCGA-G2-A2EL-01A",-0.19347491733407,2.24680883228252,0.274135817004546,-0.514310233371459,-0.0522888928788701,0.778125671554355
"TCGA-G2-A3IB-01A",6.18253212282203,-0.287094015834839,-0.179281555940567,-0.266958413846308,-0.107340969673141,-0.362598873982773
"TCGA-G2-A3VY-01A",0.448968964184975,-0.170350198530417,-0.444251148358465,-0.491813788054359,-0.99686663155951,-0.362598873982773
"TCGA-G2-AA3C-01A",-0.343107416320784,0.897305495901055,1.75451790217752,-0.533983715127626,0.270055504140213,-0.362598873982773
"TCGA-G2-AA3D-01A",-0.217726947966941,-0.310853351383101,0.0748958728348032,-0.503048921237356,-0.8727097109998,-0.229489556087632
"TCGA-GC-A3BM-01A",-0.203215487014485,-0.310853351383101,0.8828431464349,-0.406186802145113,-0.891470879275742,-0.30643021209257
"TCGA-GC-A3OO-01A",-0.278953385958123,-0.310853351383101,-0.505243964600624,-0.477895312382997,-0.715666418249828,-0.362598873982773
"TCGA-GC-A3RB-01A",-0.288206023576625,-0.310853351383101,0.632328216633238,-0.474121180265213,-0.365578672004159,-0.362598873982773
"TCGA-GC-A3RC-01A",2.35859048205044,-0.310853351383101,1.09844225268721,-0.533983715127626,1.57899106686714,-0.362598873982773
"TCGA-GC-A3RD-01A",1.8381296160097,-0.250344448669538,-0.426915319882912,-0.246887884665033,-0.686546767103385,-0.245452759202059
"TCGA-GC-A3YS-01A",0.201388621658648,5.22009112079381,-0.102124910894441,-0.265213150439241,1.25737103927956,-0.302216323071681
"TCGA-GC-A4ZW-01A",-0.328594148212544,-0.27572756316993,-0.505243964600624,-0.533983715127626,-0.410127392041628,-0.362598873982773
"TCGA-GD-A2C5-01A",-0.343107416320784,-0.258202529194353,-0.420151905111463,-0.533983715127626,-0.760939507718801,-0.362598873982773
"TCGA-GD-A3OP-01A",-0.212558482422231,-0.289298316795761,-0.449329813602008,-0.514602564992142,-0.722330617019661,-0.279064721039267
"TCGA-GD-A3OQ-01A",0.724921652533661,-0.289020675835034,-0.217615711865383,-0.437012517072442,-0.599332687550357,-0.362598873982773
"TCGA-GD-A3OS-01A",-0.268724884215795,0.903194849613443,1.84144121115354,-0.479662391582652,-0.533777253999285,-0.323236193011174
"TCGA-GU-A42P-01A",-0.316144652010618,1.14802369679986,-0.462710143185956,-0.198238667193028,-0.993027473572541,-0.236132628191151
"TCGA-GU-A42Q-01A",-0.270297109748626,4.47298453556516,-0.358499839054037,-0.488366892825401,-0.0696737592349555,-0.313122859361041
"TCGA-GU-A42R-01A",0.346864662340176,-0.195674419493685,1.80701372080068,0.48219590363739,-0.891543316218892,-0.195530568095762
"TCGA-GU-A763-01A",-0.343107416320784,-0.310853351383101,-0.449647230179729,-0.495566104379554,-0.771297990589302,-0.279510897523832
"TCGA-GU-AATO-01A",-0.343107416320784,-0.310853351383101,-0.505243964600624,-0.533983715127626,-0.301471977316094,-0.362598873982773
"TCGA-GU-AATQ-01A",-0.343107416320784,1.19850387147747,-0.123123238343703,-0.47876794408653,-0.0805393007075088,-0.362598873982773
"TCGA-GV-A3JZ-01A",-0.197938592122683,1.37097780162597,-0.409530658087709,-0.477109943849816,-0.296401391295569,-0.362598873982773
"TCGA-GV-A3QH-01A",-0.316054294221375,0.555722980582554,-0.378741250048732,-0.361049927279832,-0.91139103864209,-0.362598873982773
"TCGA-GV-A3QI-01A",-0.193655632912557,0.736610273177327,0.352513295041908,2.2409851021096,-0.983538234019844,-0.362598873982773
"TCGA-GV-A40G-01A",-0.333404796911851,-0.287380070158012,-0.127274070513906,-0.450407413721684,-0.567605306450501,-0.362598873982773
"TCGA-H4-A2HO-01A",-0.212684983327171,-0.310853351383101,-0.260589033156896,0.780417788320038,-0.744279010794219,-0.362598873982773
"TCGA-H4-A2HQ-01A",-0.343107416320784,-0.278697480113463,0.349339129264694,-0.256486833403904,-0.740005231148348,-0.300183741308664
"TCGA-HQ-A2OE-01A",0.0644062131659796,-0.194833083249058,-0.483559529010287,0.0901661108248663,-0.75253682231336,-0.202223215364233
"TCGA-HQ-A2OF-01A",-0.257213301866213,-0.310853351383101,-0.408138908477699,-0.427129963029922,-0.956881438940513,-0.362598873982773
"TCGA-HQ-A5NE-01A",0.638720321595663,0.731562255709566,-0.402230076800116,-0.533983715127626,-0.549713381492363,-0.362598873982773
"TCGA-K4-A3WU-01B",0.201027190501675,-0.289045915922373,-0.49101881858674,-0.270012624808676,-0.385571268313657,0.209002777909582
"TCGA-K4-A4AC-01A",-0.188469095809998,-0.275895830418855,2.26360525952301,-0.4715251009472,1.02484845176692,-0.362598873982773
"TCGA-K4-A6FZ-01A",-0.0465531520246515,0.992376491543889,0.117869194126316,-0.327191817182723,0.343216816722073,-0.362598873982773
"TCGA-K4-A6MB-01A",3.43023386247462,-0.310853351383101,-0.00909743696224522,-0.533983715127626,-0.822221161624002,-0.362598873982773
"TCGA-KQ-A41O-01A",-0.328617641237747,-0.310853351383101,0.161330848614324,-0.261286307773339,-1.02025652050276,-0.362598873982773
"TCGA-KQ-A41P-01A",-0.329951322206977,-0.310853351383101,0.654791543671983,-0.259104728514505,-0.597376890085297,-0.300778643288084
"TCGA-KQ-A41S-01A",-0.296338224608512,-0.225625989802401,-0.449818146798502,-0.533983715127626,-0.66510543193088,-0.307272989896748
"TCGA-LT-A8JT-01A",-0.343107416320784,-0.310853351383101,0.400614114896613,-0.485203602900091,-0.706394489526583,-0.309702172979378
"TCGA-MV-A51V-01A",-0.343107416320784,2.66579428210669,-0.43414265119103,0.879679644596999,-1.01787334507311,-0.362598873982773
"TCGA-PQ-A6FN-01A",-0.127694446765032,-0.274726373038824,0.237510827267461,-0.375055666121548,-0.0805393007075088,-0.292499590741161
"TCGA-R3-A69X-01A",-0.343107416320784,-0.310853351383101,-0.451234313068336,-0.387207062593255,-0.485461812917998,-0.362598873982773
"TCGA-UY-A78L-01A",-0.311048472697302,-0.28488130151147,-0.371977835277284,-0.0972315475089999,-0.929645148315979,-0.312131356062008
"TCGA-UY-A78M-01A",-0.293482918468427,-0.310853351383101,-0.369511752634987,0.541534859477682,-0.95014480322753,-0.362598873982773
"TCGA-UY-A9PD-01A",-0.242358481314633,-0.310853351383101,-0.409286491489461,-0.489544945625172,-0.803387556404909,0.628904425049933
"TCGA-XF-A8HB-01A",-0.322668484393976,-0.310853351383101,-0.136552401247301,-0.467620074073887,-0.872419963227198,0.283365525337035
"TCGA-XF-A8HC-01A",-0.326613505472333,-0.270923533213111,-0.453407395792736,-0.291392101545252,-0.995417892696502,-0.20851926131309
"TCGA-XF-A8HI-01A",-0.343107416320784,-0.310853351383101,-0.333570429372994,-0.414869487595274,-0.556739764977948,-0.362598873982773
"TCGA-XF-A9SH-01A",-0.320825185493415,-0.310853351383101,-0.435314650862616,0.388824311359282,-0.902698605464047,-0.362598873982773
"TCGA-XF-A9ST-01A",1.03087312691109,-0.273211967798496,-0.290401774802883,-0.466769258162942,-1.04139362051403,-0.362598873982773
"TCGA-XF-A9SU-01A",-0.290844471022526,-0.310853351383101,-0.316039267618843,-0.276557362585179,-0.619252846916705,-0.362598873982773
"TCGA-XF-A9SV-01A",-0.292037193840536,-0.310853351383101,-0.505243964600624,-0.533983715127626,-0.953114717896695,-0.362598873982773
"TCGA-XF-A9SW-01A",-0.343107416320784,-0.184148112942297,-0.505243964600624,-0.421261514823658,-0.230483773028745,-0.239652464902717
"TCGA-XF-A9SZ-01A",-0.119562245733145,-0.0872261775612843,-0.244962370869073,-0.500278315578636,-0.723417171166917,-0.362598873982773
"TCGA-XF-A9T2-01A",-0.118477952262227,-0.248022360634368,8.25057024854518,-0.533983715127626,-0.0406989819748131,-0.24094141919146
"TCGA-XF-A9T4-01A",0.195244291990111,-0.310853351383101,2.01943866127577,-0.500343762956401,-0.231932511891752,-0.32614129767734
"TCGA-XF-A9T6-01A",-0.201010756956952,-0.310853351383101,-0.0720924193100315,-0.533983715127626,-0.391293786822535,-0.362598873982773
"TCGA-XF-AAMH-01A",-0.343107416320784,0.576756386698225,3.11818835338832,-0.533983715127626,-0.712551629694363,-0.303108676040811
"TCGA-XF-AAMR-01A",-0.308373882135704,-0.310853351383101,-0.423423737527976,-0.337205265980773,-0.183399759981014,-0.362598873982773
"TCGA-XF-AAMT-01A",-0.277110087057562,0.745864971868222,0.614992388157684,-0.509811816939742,0.684394818960248,-0.362598873982773
"TCGA-XF-AAMW-01A",-0.022879411242937,-0.310853351383101,-0.00470243819379502,-0.533983715127626,-0.495023489413845,-0.362598873982773
"TCGA-XF-AAMY-01A",0.353189707587199,-0.310853351383101,-0.306663270246149,0.359809307216786,-0.829030234280135,-0.362598873982773
"TCGA-XF-AAN0-01A",-0.213064486041993,-0.287851218455003,-0.475309139655513,-0.533983715127626,-0.00375614096813174,-0.362598873982773
"TCGA-XF-AAN1-01A",-0.343107416320784,-0.310853351383101,-0.4743080566027,0.51404696081637,-0.715086922704626,-0.362598873982773
"TCGA-XF-AAN3-01A",-0.27859195480115,-0.298712869373135,-0.411337490914738,-0.533983715127626,-0.819540994727439,-0.315447934597273
"TCGA-XF-AAN7-01A",-0.343107416320784,0.597789792813897,5.21313776634959,-0.533983715127626,-0.68951668177255,-0.362598873982773
"TCGA-YF-AA3M-01A",-0.218594382743676,-0.259582320635541,-0.341383760516906,-0.533983715127626,-0.841706699331448,-0.362598873982773
"TCGA-ZF-A9R1-01A",-0.315638648390856,-0.277536436095878,1.89613452916092,-0.387119799422901,-0.729574311334697,-0.297903283720889
"TCGA-ZF-A9R2-01A",-0.327573105194096,-0.310853351383101,0.144239186737018,-0.0330931172992716,-0.952317911522041,-0.362598873982773
"TCGA-ZF-A9R3-01A",-0.309675034300806,-0.256738604128702,-0.487580952883419,-0.509637290599036,-0.748770101269541,0.0975578070983057
"TCGA-ZF-A9R5-01A",-0.343107416320784,-0.310853351383101,-0.42085998824638,-0.533983715127626,-0.150803135563354,-0.362598873982773
"TCGA-ZF-A9RE-01A",-0.224648354622969,0.571708369230464,-0.481410862945712,-0.280484205251081,-0.649096867494651,0.119965781656445
"TCGA-ZF-A9RL-01A",-0.296844228228274,-0.310853351383101,-0.360917088376684,0.447726951347808,-0.921894395398891,-0.289723381503869
"TCGA-ZF-AA4N-01A",-0.343107416320784,-0.310853351383101,4.22914637541324,-0.0293844325592532,-0.121828358303212,0.205532516362967
"TCGA-ZF-AA4X-01A",-0.193276130197735,-0.279824870681263,-0.425010820416583,-0.397024169258009,-0.928123972509822,0.273946243996224
"TCGA-ZF-AA54-01A",-0.255623004775533,-0.275062907536675,0.52269741402023,-0.533983715127626,-0.0363527653857918,-0.362598873982773
"TCGA-ZF-AA56-01A",-0.0355295017369829,-0.310853351383101,-0.0940674131522826,-0.45295986145452,0.0346354389015568,-0.362598873982773
"TCGA-ZF-AA5N-01A",-0.0418545469840059,-0.310853351383101,0.49705992120427,-0.331882212589217,-0.665974675248684,-0.362598873982773
"TCGA-ZF-AA5P-01A",-0.343107416320784,-0.174304478880163,-0.438635316598779,-0.324617553657299,-0.130520791481254,-0.362598873982773
"TCGA-2F-A9KO-01A",-0.327123123403665,0.440544048693138,-0.505243964600624,-0.364038690864435,0.811883838904874,-0.362598873982773
"TCGA-2F-A9KQ-01A",-0.280417182143863,-0.310853351383101,-0.348562258505374,0.288471665452904,-0.954925641475454,2.46268977661092
"TCGA-2F-A9KR-01A",-0.288928885890571,0.143720621588786,-0.275287862371379,1.54811552950383,0.571393187645693,-0.23489324906736
"TCGA-2F-A9KT-01A",0.148077526005169,-0.268778125789312,-0.240323205502376,5.5678934718319,-0.628959397298853,-0.362598873982773
"TCGA-2F-A9KW-01A",-0.00209711971700449,-0.310853351383101,-0.318627433560263,1.18161021401967,-0.793898316852213,-0.362598873982773
"TCGA-4Z-AA7N-01A",0.280722760614164,-0.310853351383101,-0.465737809004222,-0.373659455395894,0.296132803674341,-0.362598873982773
"TCGA-4Z-AA7Q-01A",-0.183047628455407,1.18840783654195,-0.453505062432035,-0.533983715127626,0.744517481775044,0.0157587849281075
"TCGA-4Z-AA7W-01A",-0.295741863199507,-0.310853351383101,-0.505243964600624,-0.499471131252868,4.02663537591766,-0.362598873982773
"TCGA-4Z-AA80-01A",0.259940469088232,-0.310853351383101,-0.455775811795735,0.925056493180752,-0.32102995196669,0.411269450912254
"TCGA-4Z-AA81-01A",-0.312241195515312,-0.273380235047421,-0.505243964600624,-0.533983715127626,1.02919466835594,-0.362598873982773
"TCGA-4Z-AA83-01A",-0.343107416320784,-0.310853351383101,-0.394953912172349,0.0306089970586899,-0.0102754658516637,4.18146074548412
"TCGA-4Z-AA86-01A",-0.255026643366528,-0.310853351383101,0.427716607302056,-0.533983715127626,2.18528828103562,-0.362598873982773
"TCGA-4Z-AA87-01A",0.109946538944545,-0.283703430768992,-0.469937474494074,1.46456104389047,-0.517406504847305,-0.257549099450258
"TCGA-5N-A9KM-01A",-0.329571819492155,-0.310853351383101,-0.483889153917921,-0.504554210925952,-0.0276603322077491,-0.362598873982773
"TCGA-BL-A0C8-01A",0.0147094290822279,0.020044193628639,-0.223231543625069,1.84393767700176,-0.850906191111543,-0.289227629854353
"TCGA-BL-A0C8-01B",0.426560232452665,0.659207338671657,-0.233242374153206,2.19953509619175,-0.964704628800752,0.178266175639568
"TCGA-BT-A0YX-01A",-0.204534710737436,-0.310853351383101,-0.384796581685264,-0.450560124269803,0.0382572860590747,-0.362598873982773
"TCGA-BT-A20J-01A",-0.280796684858684,-0.310853351383101,-0.455824645115384,-0.533983715127626,0.609060398083878,-0.215658085066126
"TCGA-BT-A20R-01A",-0.320427611220745,-0.283341656183803,-0.46944914129758,-0.533983715127626,0.152707656236637,0.956100513730725
"TCGA-BT-A20V-01A",-0.288585526291447,-0.310853351383101,-0.253508201807726,-0.533983715127626,0.375089071708229,-0.362598873982773
"TCGA-BT-A20W-01A",-0.272266909554127,-0.224363985435461,-0.0537799244414889,1.45648920063279,-0.428453938658668,-0.362598873982773
"TCGA-BT-A20X-01A",0.110127254523031,-0.310853351383101,-0.461293976916122,-0.533983715127626,0.222247121660978,-0.362598873982773
"TCGA-BT-A2LB-01A",0.259759753509745,-0.287119255922177,-0.443738398502146,1.3443560267287,0.553283951858104,-0.362598873982773
"TCGA-BT-A3PJ-01A",-0.188451024252149,-0.310853351383101,1.72204374461064,-0.493406340913308,1.39717433955975,-0.362598873982773
"TCGA-BT-A42E-01A",0.444993221458274,-0.212417010761759,0.0187375552379395,0.284981138638769,1.67967841784614,-0.362598873982773
"TCGA-BT-A42F-01A",-0.286760298948734,-0.255905681246521,-0.487307486293382,-0.509266422125034,1.88829681411916,-0.362598873982773
"TCGA-CF-A3MF-01A",-0.343107416320784,-0.247231504564419,-0.505243964600624,4.53600648240328,-0.786654622537177,-0.300778643288084
"TCGA-CF-A3MG-01A",-0.24425599488874,-0.310853351383101,-0.505243964600624,1.11245415151462,-1.04400859416176,-0.295176649648549
"TCGA-CF-A47V-01A",-0.343107416320784,-0.310853351383101,-0.39837224454781,2.44605355244002,-0.574776563822386,-0.362598873982773
"TCGA-CF-A7I0-01A",-0.314807356729819,-0.276510005877433,-0.46061031044103,2.93254572716007,-0.528996415751362,-0.362598873982773
"TCGA-CF-A8HX-01A",-0.343107416320784,-0.310853351383101,-0.360355505200716,0.781508577949455,-0.94203186559469,2.33528160268522
"TCGA-CF-A8HY-01A",-0.343107416320784,-0.310853351383101,-0.301413688383833,3.72664057737576,-0.582817064512076,-0.29339194371029
"TCGA-CF-A9FF-01A",-0.325086458834124,-0.267221653736752,-0.420640238307958,1.59000185127345,-0.492415759460432,-0.277974067410331
"TCGA-CF-A9FM-01A",-0.32898268670629,-0.310853351383101,-0.460805643719628,0.00355741424914466,-0.254387964268363,4.38273591518776
"TCGA-CU-A0YN-01A",0.917925890357104,-0.224700519933311,-0.394099329078483,0.162158226366398,0.719164551672419,-0.362598873982773
"TCGA-CU-A0YR-01A",-0.284808570701082,-0.310853351383101,-0.258147367174424,1.29025286110961,0.406961326694386,-0.362598873982773
"TCGA-CU-A72E-01A",-0.33328191031848,-0.310853351383101,-0.505243964600624,-0.266958413846308,-0.34131229604879,0.946681232389915
"TCGA-DK-A1AD-01A",-0.202528767816237,-0.310853351383101,-0.459951060625762,2.50495619242855,-0.488141979814561,3.86070942824704
"TCGA-DK-A1AE-01A",-0.263466060881841,-0.310853351383101,2.11954696655714,-0.470565206073313,0.94734092259604,-0.293738969864951
"TCGA-DK-A1AF-01A",-0.299573033463418,-0.310853351383101,-0.463906559517368,-0.495958788646145,0.968347636109643,-0.199149555137231
"TCGA-DK-A1AG-01A",-0.343107416320784,-0.284410153214479,-0.4367796504521,-0.131482341872698,-0.216720753830178,-0.311239003092879
"TCGA-DK-A2I1-01A",-0.289796320667305,-0.310853351383101,-0.488284152686371,0.376389309583926,-0.30074760788459,-0.162612658567876
"TCGA-DK-A2I4-01A",-0.325429818433248,-0.310853351383101,-0.435925067358234,-0.533983715127626,2.24613531328192,-0.362598873982773
"TCGA-DK-A3IN-01A",0.0331424180878376,0.0281210215770568,-0.223231543625069,1.54986079291089,-0.711537512490258,-0.362598873982773
"TCGA-DK-A3IU-01A",0.0888028162616395,-0.0133568552830469,-0.475113806376916,-0.492490077624598,1.18203661840319,-0.362598873982773
"TCGA-DK-A3IV-01A",-0.315078430097548,-0.310853351383101,-0.46102539365805,-0.533983715127626,0.247600051763603,0.817290051866147
"TCGA-DK-A3WW-01A",-0.261315545497853,-0.25360883329869,1.10527891743813,-0.508241079873382,2.73943089613584,-0.362598873982773
"TCGA-DK-A3WX-01A",-0.221124400842485,-0.22880624080709,0.0568275445645079,-0.365478533175265,1.95276569352298,-0.362598873982773
"TCGA-DK-A3WY-01A",-0.270676612463447,-0.105483174069687,-0.15608572910708,-0.533983715127626,0.743068742912037,-0.362598873982773
"TCGA-DK-A6AV-01A",-0.157331801636796,-0.184484647440148,-0.477701972318336,0.710170936185574,-0.51233591882678,2.67982899909908
"TCGA-DK-A6AW-01A",-0.343107416320784,-0.276434285615416,-0.329639347141214,-0.382385772431231,-0.342036665480293,1.19901882199374
"TCGA-DK-A6B0-01A",-0.343107416320784,-0.310853351383101,-0.505243964600624,-0.533983715127626,0.144015223058594,-0.362598873982773
"TCGA-DK-A6B2-01A",-0.204932285010106,-0.310853351383101,-0.201500716381065,-0.533983715127626,-0.0131729435776779,0.0168494385570435
"TCGA-DK-A6B5-01A",-0.293410632237033,-0.262442863867272,-0.473697640107082,0.967160972876254,-0.148630027268843,-0.362598873982773
"TCGA-DK-A6B6-01A",-0.326714706196286,-0.310853351383101,-0.505243964600624,-0.498358525830862,0.699606577021823,0.510915532465041
"TCGA-DK-AA6M-01A",-0.324168423695413,-0.310853351383101,0.572263233464418,-0.533983715127626,1.957111910112,-0.362598873982773
"TCGA-DK-AA6Q-01A",-0.29583222098875,-0.310853351383101,2.51021352375271,-0.398398564191075,1.46019448010056,-0.362598873982773
"TCGA-DK-AA6R-01A",-0.0958885049514304,-0.277906624043513,-0.505243964600624,-0.4750810751391,1.26316599473159,-0.235240275222022
"TCGA-DK-AA6S-01A",-0.280344895912468,-0.310853351383101,-0.0147132687219316,-0.268703677253376,0.332351275249519,-0.362598873982773
"TCGA-DK-AA6U-01A",-0.266484011042564,-0.150831197655074,-0.219080711454866,1.6102905383806,-0.530010532955467,-0.310495375618604
"TCGA-DK-AA74-01A",-0.343107416320784,-0.310853351383101,-0.264959615265521,-0.43742701713162,1.47685497702514,-0.257449949120354
"TCGA-E5-A2PC-01A",-0.343107416320784,-0.310853351383101,-0.492073618291168,-0.533983715127626,0.237458879722553,-0.362598873982773
"TCGA-E5-A4U1-01A",-0.343107416320784,0.15701373425389,-0.457655894602238,3.15288523230234,-0.505816593943248,-0.0823504665111787
"TCGA-E7-A3X6-01A",-0.343107416320784,-0.310853351383101,-0.467593475150901,-0.507957474569733,0.0976555794423665,-0.362598873982773
"TCGA-E7-A4IJ-01A",-0.32731829622843,-0.158655624730104,-0.382428165682266,-0.145008133277471,0.774216628466689,-0.362598873982773
"TCGA-E7-A519-01A",-0.343107416320784,-0.310853351383101,-0.474796389799194,-0.213291564078985,0.635137697618006,-0.362598873982773
"TCGA-E7-A541-01A",-0.299518818789872,-0.310853351383101,0.697764864963497,0.861136220896907,0.811159469473371,-0.158597070206794
"TCGA-E7-A5KE-01A",-0.330065173021423,-0.310853351383101,-0.423643487466399,1.73922187257771,-0.998098059593066,3.73925027411553
"TCGA-E7-A678-01A",-0.325946664987719,-0.310853351383101,-0.478165888855006,0.138815328296871,-0.318856843672179,-0.281989655771414
"TCGA-E7-A7DU-01A",-0.343107416320784,-0.310853351383101,-0.169514892010678,0.458416689716096,-0.569633540858711,1.95107407431005
"TCGA-E7-A7DV-01A",-0.333193359685022,-0.310853351383101,-0.204919048756527,-0.491006603728591,0.439557951112046,-0.362598873982773
"TCGA-E7-A7PW-01A",-0.198824098457267,0.460904385813108,-0.303025187932265,0.574258548360197,-0.468728879050266,0.0883864015822532
"TCGA-E7-A7XN-01A",-0.343107416320784,-0.310853351383101,-0.321215599501684,-0.533983715127626,2.76043760964945,-0.362598873982773
"TCGA-E7-A8O7-01A",-0.322722699067522,-0.310853351383101,-0.473087223611464,0.452744583643127,-0.675391477858231,-0.3146001992766
"TCGA-E7-A97P-01A",-0.329662177281398,-0.310853351383101,-0.339015344513907,-0.533983715127626,2.52212006668477,0.0683580349417925
"TCGA-FD-A3B4-01A",-0.191830405569844,-0.310853351383101,3.31107996600364,-0.533983715127626,1.56160620051106,-0.362598873982773
"TCGA-FD-A3B6-01A",-0.286362724676064,1.27254146100463,-0.380718999494535,-0.533983715127626,1.24143491178648,-0.362598873982773
"TCGA-FD-A3B8-01A",-0.332862650176392,2.41171073622938,-0.409359741468936,-0.533983715127626,1.17841477124567,-0.124985108369585
"TCGA-FD-A3NA-01A",-0.200468610221493,-0.310853351383101,-0.45926739415067,0.219751918799623,1.02412408233542,-0.225870569046163
"TCGA-FD-A3SN-01A",0.924431651182614,-0.310853351383101,-0.428014069575024,0.22782376205731,0.898083801253798,-0.362598873982773
"TCGA-FD-A3SO-01A",-0.305717363131954,-0.280548419851642,-0.485486003470458,-0.172714189864667,0.0273917445865212,-0.362598873982773
"TCGA-FD-A43N-01A",-0.128959455814436,-0.310853351383101,-0.474747556479545,3.2968694633854,-0.252214855973852,-0.362598873982773
"TCGA-FD-A43P-01A",-0.194251994321562,0.45156555349775,-0.386359247914046,-0.0874144408442456,1.31532059379985,-0.362598873982773
"TCGA-FD-A43S-01A",-0.343107416320784,-0.249048790852813,-0.505243964600624,-0.451323677010395,0.819851902651414,-0.362598873982773
"TCGA-FD-A43U-01A",-0.343107416320784,-0.310853351383101,-0.38333158209578,0.132052432594485,0.933577903397472,-0.362598873982773
"TCGA-FD-A5BS-01A",-0.343107416320784,-0.198787363598805,-0.396687495019904,-0.533983715127626,3.57607758952245,-0.253830962078885
"TCGA-FD-A5BT-01A",-0.328006822582463,-0.129208856168164,0.0468167140363713,-0.533983715127626,1.99622785941319,-0.362598873982773
"TCGA-FD-A5BU-01A",-0.0447459962397878,-0.310853351383101,-0.46019522722401,-0.29313736495232,0.533001607776005,-0.295275799978452
"TCGA-FD-A5C1-01A",-0.278158237412783,-0.310853351383101,-0.039129928546655,-0.533983715127626,0.924161100787926,-0.362598873982773
"TCGA-FD-A62N-01A",-0.315729006180099,-0.27762056972034,0.474840760763772,-0.533983715127626,1.55291376733301,-0.362598873982773
"TCGA-FD-A6TA-01A",-0.223961635424721,-0.310853351383101,-0.363798254236002,0.947526759546745,-0.597159579255846,-0.362598873982773
"TCGA-FD-A6TB-01A",-0.0308308966963373,-0.222092377574968,-0.372026668596933,-0.109012075506705,1.03498962380797,-0.362598873982773
"TCGA-FD-A6TD-01A",-0.265851506517861,-0.216455424735968,0.509268251116632,-0.477546259701583,1.58551039175067,0.613536123914926
"TCGA-FD-A6TE-01A",-0.288151808903079,-0.310853351383101,-0.505243964600624,-0.434765490435843,-0.347107251500818,0.142076305224874
"TCGA-FJ-A3Z9-01A",0.0266366572623283,-0.310853351383101,-0.430821985454867,3.80517743069379,-0.782453279834456,-0.362598873982773
"TCGA-FJ-A3ZE-01A",-0.135284501061459,-0.284738274349883,-0.43760981688614,2.7689272827475,-0.928848341941325,-0.261465537481437
"TCGA-FJ-A3ZF-01A",-0.049263885701947,-0.0756998710098964,-0.441223482540199,3.9840669299182,-0.875752062612115,-0.134999291689815
"TCGA-FT-A61P-01A",-0.289326460163241,-0.310853351383101,-0.441492065798271,-0.533983715127626,0.509821785967891,-0.362598873982773
"TCGA-G2-A2EF-01A",-0.169855391225902,-0.292041072953244,4.7003879100304,-0.533983715127626,3.47176839138594,-0.362598873982773
"TCGA-G2-A2EJ-01A",-0.0944427803235395,-0.310853351383101,-0.0894282477855851,-0.513745204343421,0.848826679911556,-0.362598873982773
"TCGA-G2-A2EO-01A",-0.343107416320784,-0.310853351383101,1.54722046026562,-0.450298334758743,1.30228194403278,-0.241437170840976
"TCGA-G2-A2ES-01A",-0.2388164559763,-0.287489443869813,-0.45973131068734,-0.533983715127626,0.727132615418958,-0.31720289543656
"TCGA-G2-A3IE-01A",-0.266122579885591,-0.310853351383101,-0.250334036030512,1.12728889047469,-0.851268375827294,-0.310247499793846
"TCGA-G2-AA3B-01A",-0.296211723703571,-0.242419061245153,0.398904948708882,4.81961178605174,0.159226981120169,2.67635873755247
"TCGA-G2-AA3F-01A",-0.143778133250318,-0.310853351383101,-0.192710718844165,0.718897253220911,0.183131172359786,0.0279047003412582
"TCGA-GC-A3I6-01A",-0.319415603981221,-0.310853351383101,-0.322265515874147,-0.508175632495617,1.32908361299841,-0.362598873982773
"TCGA-GC-A3WC-01A",-0.304307781619761,-0.310853351383101,-0.266693198113077,-0.262158939476873,0.51778984971443,-0.362598873982773
"TCGA-GD-A6C6-01A",-0.299265816979991,0.415135694105408,-0.301853188260678,0.698608566113752,0.299754650831859,-0.362598873982773
"TCGA-GD-A76B-01A",-0.247165515702371,-0.154364809882507,-0.437341233628068,-0.440764833397637,0.785082169939243,-0.311685179577443
"TCGA-GU-A762-01A",-0.330598283977958,-0.310853351383101,0.503164086160451,-0.533983715127626,2.61918557050625,-0.13028965101941
"TCGA-GU-A764-01A",0.36258691766849,-0.310853351383101,-0.415048823208096,-0.386203536134191,1.56377930880557,0.313110624308016
"TCGA-GU-A766-01A",-0.274308995591023,-0.199039764472193,1.21564221984588,-0.337750660795481,3.89914635597304,-0.362598873982773
"TCGA-GU-A767-01A",-0.205474431745565,-0.279833284043709,-0.21346487969518,0.642978295013477,-0.598173696459951,-0.183434227847563
"TCGA-GU-AATP-01A",-0.32506296580892,-0.310853351383101,-0.126297404120917,-0.162460767348145,0.224420229955489,0.131368069595321
"TCGA-GV-A3JV-01A",-0.294946714654167,-0.310853351383101,-0.311204768973547,0.314650616558916,-0.237003097912277,-0.226614196520437
"TCGA-GV-A3JW-01A",0.441198194310061,-0.28657238736317,-0.411264240935264,2.8387378190302,-0.938554892323473,2.13004041978545
"TCGA-GV-A3JX-01A",-0.287989164882442,0.151460915039353,0.688730700828349,-0.513825922775997,0.329453797523505,2.33577735433474
"TCGA-GV-A3QF-01A",-0.330444675736244,-0.249646139586498,-0.291476107835171,1.36071787116996,-0.936019599313211,-0.244064654583413
"TCGA-GV-A3QK-01B",-0.343107416320784,-0.310853351383101,-0.491079860236302,-0.456603098816774,0.0273917445865212,-0.236727530170571
"TCGA-GV-A40E-01A",-0.209811605629238,-0.0924424622779707,-0.114089074208556,1.00577492575762,0.449699123153095,-0.362598873982773
"TCGA-GV-A6ZA-01A",-0.329635069944626,-0.310853351383101,-0.35908583888983,-0.307099472208859,1.1842097266977,-0.362598873982773
"TCGA-HQ-A5ND-01A",-0.329976622387965,-0.310853351383101,-0.42308190429043,-0.477153575434993,0.64817634738507,-0.362598873982773
"TCGA-K4-A3WS-01A",-0.228587954233972,-0.310853351383101,-0.210046547319719,2.55076935686407,0.438833581680542,-0.362598873982773
"TCGA-K4-A3WV-01A",-0.239286316480365,-0.215193420369028,-0.262981865819719,3.61756161443404,-0.990274869732827,4.60483265417108
"TCGA-K4-A4AB-01B",-0.238653811955663,-0.310853351383101,-0.281196694048963,-0.533983715127626,-0.354423382759004,0.685420113094797
"TCGA-K4-A54R-01A",0.457101165216861,-0.310853351383101,-0.0440132605115996,-0.428395279000046,2.04113876416641,-0.362598873982773
"TCGA-K4-A5RH-01A",-0.343107416320784,-0.294497774787555,1.64928209833297,-0.185367349565906,0.816230055493896,-0.330796405666299
"TCGA-K4-A5RI-01A",-0.330919957707664,-0.310853351383101,0.0634200427171832,-0.481211312856425,1.15306184114305,-0.305339558463634
"TCGA-K4-A5RJ-01A",-0.326496040346317,-0.310853351383101,-0.453016729235541,-0.533983715127626,1.26606347245761,-0.207379032519203
"TCGA-K4-A83P-01A",-0.319975822274529,-0.282811614349688,-0.361527504872302,-0.458981020208903,0.136047159312055,-0.254078837903643
"TCGA-K4-AAQO-01A",0.116090868613081,-0.310853351383101,-0.458949977572949,0.498557748078647,-0.658006611502145,0.0427276746617971
"TCGA-KQ-A41N-01A",-0.329053165781899,-0.310853351383101,-0.227382375795272,-0.503441605503946,-0.949347996852876,3.09427737809475
"TCGA-KQ-A41Q-01A",-0.16828316569307,-0.243790439323895,-0.461611393493844,0.217134023689022,-0.903495411838701,0.728550506602719
"TCGA-KQ-A41R-01A",-0.246045079115755,-0.0273230369438526,-0.412802490504221,-0.407321223359707,-0.902408857691446,7.41078699043364
"TCGA-LC-A66R-01A",-0.299428461000629,-0.257731380897362,0.129345024243936,-0.393250037140226,2.23092355522035,-0.259680831543178
"TCGA-LT-A5Z6-01A",-0.223726705172688,-0.200638303336984,-0.505243964600624,-0.403677985997454,0.333800014112526,-0.150169292165016
"TCGA-PQ-A6FI-01A",-0.269809177686713,-0.310853351383101,-0.447059064238308,-0.493755393594722,1.38848190638171,-0.232563216314634
"TCGA-S5-A6DX-01A",-0.196854298651765,-0.0708201207910607,-0.505243964600624,1.33301181458277,1.4884448879292,-0.130388801349313
"TCGA-S5-AA26-01A",-0.183372916496682,-0.310853351383101,-0.227626542393519,-0.340695792794908,-0.932108004383092,2.03138584153169
"TCGA-SY-A9G0-01A",-0.307687162937456,-0.139641425601537,-0.394416745656205,-0.533983715127626,-0.61418226089618,2.61538128466196
"TCGA-SY-A9G5-01A",-0.266068365212045,-0.310853351383101,-0.198082384005604,-0.533983715127626,2.39245793844564,-0.362598873982773
"TCGA-UY-A78K-01A",-0.274363210264569,-0.310853351383101,-0.432702068261371,-0.434416437754429,1.73110864748289,-0.094397231594426
"TCGA-UY-A78N-01A",-0.280362967470317,-0.285293556271337,-0.439050399815799,-0.333038449596399,-0.692341722555414,2.13499793628061
"TCGA-UY-A78O-01A",-0.195842291412242,-0.277603742995448,1.24127971266184,0.138815328296871,-0.841416951558846,4.11503002444892
"TCGA-UY-A78P-01A",-0.343107416320784,-0.215361687617953,-0.505243964600624,-0.476891785923933,1.48482304077168,3.15575058263478
"TCGA-UY-A8OB-01A",-0.226672369102016,-0.310853351383101,-0.123855738138445,-0.533983715127626,1.97015055987906,-0.362598873982773
"TCGA-UY-A8OD-01A",-0.343107416320784,-0.310853351383101,-0.413901240196334,0.714752252629126,-0.402231765238239,0.169342645948274
"TCGA-UY-A9PA-01A",-0.273676491066321,-0.310853351383101,-0.450135563376224,-0.421065172690363,0.58298309854975,-0.362598873982773
"TCGA-UY-A9PB-01A",-0.0801662496231163,-0.310853351383101,2.19523861201378,-0.533983715127626,2.19108323648765,0.365164547507233
"TCGA-UY-A9PE-01A",-0.208167093865012,-0.310853351383101,-0.125809070924423,1.08191204189094,-0.764488917933168,7.82721837602737
"TCGA-UY-A9PF-01A",-0.213606632777452,-0.310853351383101,-0.505243964600624,-0.170314452679949,-0.456921657316758,0.0423806485071356
"TCGA-UY-A9PH-01A",-0.321168545092539,-0.310853351383101,-0.470621140969166,2.67075621609996,1.58551039175067,1.69625772645864
"TCGA-XF-A8HD-01A",-0.30286205699187,-0.213174213381924,-0.394953912172349,-0.533983715127626,2.50038898373967,-0.362598873982773
"TCGA-XF-A8HE-01A",-0.267532161397785,-0.249225471464184,-0.405794909134526,-0.478789759879119,1.68185152614065,-0.362598873982773
"TCGA-XF-A8HF-01A",-0.265110572646067,-0.310853351383101,-0.422910987671657,2.54858777760524,-0.102994753084119,-0.178625436847254
"TCGA-XF-A8HG-01A",-0.2726283407111,-0.310853351383101,-0.460414977162432,1.48594052062705,-1.02115473859782,-0.362598873982773
"TCGA-XF-A8HH-01A",-0.328525476292719,-0.310853351383101,-0.436681983812801,-0.502285368496764,-0.42084805962788,0.419201477304515
"TCGA-XF-A9SI-01A",-0.329167016596346,-0.310853351383101,-0.375298501013446,-0.533983715127626,1.6318700353669,-0.362598873982773
"TCGA-XF-A9SJ-01A",-0.302482554277048,-0.310853351383101,-0.462417143268059,-0.417247408987403,1.35660965139555,-0.362598873982773
"TCGA-XF-A9SK-01A",-0.219425674404713,-0.310853351383101,0.0910108683191206,-0.533983715127626,0.186753019517304,-0.0705515772526895
"TCGA-XF-A9SL-01A",-0.275049929462818,-0.277561676183216,-0.440539816065107,-0.445127991915305,-0.00520487983113885,-0.362598873982773
"TCGA-XF-A9SM-01A",0.0560932965556066,1.34405504179791,-0.393562162562339,-0.533983715127626,1.98029173192011,-0.295226224813501
"TCGA-XF-A9SP-01A",-0.214455995996338,-0.310853351383101,-0.391462329817413,0.398423260098153,-0.300023238453087,-0.0918688981818927
"TCGA-XF-A9SX-01A",-0.343107416320784,-0.12155269634206,-0.178304889547578,-0.533983715127626,1.04078457926,-0.362598873982773
"TCGA-XF-A9SY-01A",-0.213154843831236,-0.150915331279537,1.88343786605206,-0.533983715127626,2.36203442232249,-0.284617139513851
"TCGA-XF-A9T0-01A",-0.252044836321503,-0.310853351383101,-0.385406998180882,4.03642483213023,0.251946268352624,-0.362598873982773
"TCGA-XF-A9T3-01A",-0.343107416320784,1.57037449160253,-0.408163325137524,-0.533983715127626,1.11394589184186,-0.362598873982773
"TCGA-XF-A9T5-01A",-0.313813421048144,0.245942975310948,-0.413437323659664,-0.470456127110372,0.892288845801769,-0.362598873982773
"TCGA-XF-A9T8-01A",-0.307163087759845,1.16989843916015,-0.486255128254937,-0.507826579814203,2.04258750302942,-0.362598873982773
"TCGA-XF-AAME-01A",0.318492316517816,-0.310853351383101,-0.113600741012061,-0.533983715127626,0.482295747570755,-0.255962694171805
"TCGA-XF-AAMG-01A",-0.314210995320814,-0.171191534775044,-0.437097067029821,1.04918835300842,-0.519941797857567,-0.0284622622087511
"TCGA-XF-AAMJ-01A",-0.324367210831748,-0.310853351383101,-0.446375397763216,0.473905902453819,-0.0240384850502314,-0.362598873982773
"TCGA-XF-AAML-01A",-0.286832585180129,-0.174136211631238,-0.505243964600624,-0.372961350033067,0.146188331353105,-0.362598873982773
"TCGA-XF-AAMQ-01A",-0.343107416320784,-0.310853351383101,-0.469156141379683,-0.186676297121206,0.0339110694700533,-0.326632091810361
"TCGA-XF-AAMX-01A",1.29363357803027,-0.310853351383101,-0.169759058608925,2.89545887975989,-0.90327810100925,-0.14119618730877
"TCGA-XF-AAMZ-01A",-0.343107416320784,-0.310853351383101,1.6153429411766,2.75801938645333,-0.543701115210884,-0.362598873982773
"TCGA-XF-AAN2-01A",-0.179975463621138,-0.310853351383101,-0.068429920336323,-0.533983715127626,1.36385334571059,-0.362598873982773
"TCGA-XF-AAN4-01A",-0.343107416320784,-0.310853351383101,-0.36260183790459,-0.533983715127626,0.0723026493397418,-0.362598873982773
"TCGA-XF-AAN5-01A",-0.288531311617901,-0.310853351383101,-0.419248488697948,-0.533983715127626,2.21860927488478,-0.362598873982773
"TCGA-XF-AAN8-01A",-0.322758842183219,-0.261593114260199,-0.441369982499148,-0.533983715127626,-0.11748214171419,0.102564898758421
"TCGA-YC-A89H-01A",-0.280634040838046,-0.280321259065593,0.115427528143844,-0.479356970486416,1.40296929501178,-0.303306976700617
"TCGA-YC-A8S6-01A",-0.286633798043794,-0.219231834343237,-0.329492847182265,0.956689392433849,-0.511973734111028,1.01806946992027
"TCGA-YC-A9TC-01A",-0.331116937688214,-0.281835664305921,-0.0938232465540353,-0.533983715127626,2.70103931626615,-0.362598873982773
"TCGA-YF-AA3L-01A",-0.343107416320784,-0.243571691900292,-0.505243964600624,0.0471889994258307,-0.820120490272642,1.22182339787149
"TCGA-ZF-A9R0-01A",-0.343107416320784,-0.310853351383101,-0.479313471866768,0.864190431859275,-0.731964730458658,4.70398298407435
"TCGA-ZF-A9R4-01A",-0.260719184088848,-0.310853351383101,0.0360733837134931,0.163903489773466,0.37726218000274,0.231311602137818
"TCGA-ZF-A9R7-01A",-0.188866670082668,-0.026145166201375,-0.474039473344628,-0.365522164760442,2.38666298299361,-0.362598873982773
"TCGA-ZF-A9R9-01A",0.084646357956453,-0.310853351383101,-0.444617398255836,-0.492075577565419,-0.712261881921762,2.58514043404146
"TCGA-ZF-A9RC-01A",-0.259490318155141,-0.269846622819988,-0.399544244219397,4.42474594020273,-0.884661806619608,1.33832503550783
"TCGA-ZF-A9RD-01A",-0.178620096782491,-0.310853351383101,0.517569915457038,-0.533983715127626,1.49496421281273,-0.362598873982773
"TCGA-ZF-A9RF-01A",-0.330123002006539,-0.310853351383101,-0.191001552656434,-0.450058361040271,1.05599633732157,-0.30157184592731
"TCGA-ZF-A9RM-01A",-0.208474310348439,-0.310853351383101,-0.505243964600624,0.50510248585515,-0.831782838119849,3.81609177979056
"TCGA-ZF-A9RN-01A",-0.0837805611928437,-0.138631822107985,-0.482668320926685,-0.502874394896649,0.688016666117766,-0.362598873982773
"TCGA-ZF-AA4R-01A",-0.0826962677219254,-0.269552155134369,-0.29550485670625,-0.148498660091606,-0.241349314501299,0.327983173793506
"TCGA-ZF-AA4T-01A",-0.297621305215765,-0.0910963242865678,-0.505243964600624,-0.340215845357964,-0.811862678753501,3.74123328071359
"TCGA-ZF-AA4U-01A",-0.343107416320784,-0.275979964043318,-0.437487733587017,1.94647190216697,-0.939206824811826,-0.294928773823791
"TCGA-ZF-AA4V-01A",-0.331975336686024,-0.310853351383101,-0.452821395956943,-0.533983715127626,1.15523494943756,-0.362598873982773
"TCGA-ZF-AA4W-01A",-0.119200814576172,-0.273245621248281,-0.221766544035586,-0.533983715127626,1.44570709147049,-0.362598873982773
"TCGA-ZF-AA51-01A",-0.343107416320784,-0.218474631723073,-0.386139497975624,3.30777735967957,-0.0341796570912812,1.10234725033805
"TCGA-ZF-AA52-01A",-0.326725549130995,-0.310853351383101,-0.505243964600624,-0.428395279000046,0.596021748316814,-0.362598873982773
"TCGA-ZF-AA53-01A",-0.160946113206524,-0.310853351383101,-0.295016523509756,-0.423835778349083,0.874179610014181,-0.202867692508604
"TCGA-ZF-AA58-01A",-0.343107416320784,-0.167573788923148,-0.0635465883713783,-0.533983715127626,2.54240241076687,-0.362598873982773
"TCGA-ZF-AA5H-01A",0.0192273185443872,-0.268214430505412,-0.395417828709018,-0.533983715127626,1.70430697851726,-0.32112924850073
